ngram,count,example_comment
customer service,9,"Avoid this company!Several times i ordered a car and it couldn't find me a ride, i was cancelling it to find with another company as i was waiting too long and even though they didn't register any car to me they charged me cancelation fee £6.And this happened many times, they just take your money.Customer service doesn't help.Avoid them."
customer service,9,Ola has a best customer service team
customer service,9,"Uber doesn’t care about drivers at all. Customer service like tape recorder, they will repeat the same again and again, they’re partnered with so many rental companies and they treat the drivers like donkeys. All they wanted is our rental. Drivers don’t have any legitimate body to complain when they being mistreated by them or partners."
customer service,9,"On May 17th I called for a ride. As I was waiting for the driver I got a text message that said the driver canceled. The amount I paid for the ride was refunded into my checking account. However, they charged me an additional $4.93. I received an email that I was charged 4.93 for canceling the ride. I did not cancel the ride, the driver did and I have the text message to prove it. I called the 1-800 number and spoke to three customer service reps. I was told they could not refund the $4.93 into my checking account but offered me the 4.93 in the form of Uber cash. I didn't want Uber cash since I don't plan on using Uber anytime soon, I've never used Uber until I tried to use it on May 17th. I can't believe they can't refund money that they actually took out of my account. In order to placate me the representative gave me 30 extra dollars in ""Uber cash"". Big whoopty doo. I will have to purposely take an Uber ride just to use the Uber cash otherwise it's just going to sit there. I give Uber a huge thumbs down. Unbelievably terrible and disappointing service for a company that's supposedly trustworthy."
customer service,9,"Uber drivers picture does not match the person delivering food, uber customer service says this is normal as drivers share accounts, had the same women delivering now 3 times, lost every time, can't understand or spk any English, can't type the code as you give it to her as she doesn't understand, best bit is the person messaging us can type clear English saying their lost, because the person typing is the person who is meant to be delivering to us, uber don't care that customers are being ripped off, they don't care the details and picture is not the driver that shows up. Uber is a substandard company who are how all the illegals in Britain make money."
extra money,9,"A really great app. Great service, price and coverage. It would be even better if they can keep a track of the cancellations of pilots over extra money it would make life easier for commuters like us"
extra money,9,Very bad experience multiple times. First i had bad experience booking an auto. The auto driver arrived and didn't called and charged me extra. Second time the driver changed the route to earn some extra money and now the driver didn't moved a bit and I have to cancel the ride and they charged me for cancellation. Improve your service quality instead of charging customers. Doing fraud with the people.
extra money,9,"Rapido Bike stands out among its competitors, even those offering cheaper rates. The bike riders never demand extra money. The app has user-friendly features for changing payment options. However, the Rapido cabs, especially the older diesel ones, have issues with fumes and smell. Overall, I am giving Rapido Bike a full star rating. So far, it’s the best compared to Uber Moto."
extra money,9,"I gave 2stars because the rapido guys won't wear helmet or either they won't handle their phone to a handler ,if we go with them it never seems like we are going with rapido guy dear rapido please ask them to look like rapido guy at some point!! Yes I don't know where to reply so I am replying here thanks for responding rapido so the thing is I went for more than 10drives maximum no one is wearing!! minimum 2,3ppl, and why they are asking extra money when iam paying already !?"
extra money,9,"Such a horrible application. 1. No proper customer care numbers available. 2. Not able to report when there is an issue. 3. Drivers always demands extra money 4. No proper background verification of the driver done. I am facing an issue now where my driver accepted to pick me at my location and never turned up. He did not cancle the ride nor did he inform that he will not come to the location, rather he is travelling to some other place. What is the safety I have?Very bad customer service, safet"
cancel ride,5,disgusting app made life difficult staying one corner pune lohegaon dont get auto hurry time auto person accepts ride even though close really bad disappointing rubbish person urgency toosecondly ride booked ola driver call u tell far ask u cancel ride get charged nonsense seriously though close still cancel rideand wait really shameful utter harassment customer ola rideget something done get app driver informed get app right
cancel ride,5,may th called ride waiting driver got text message said driver canceled amount paid ride refunded checking account however charged additional received email charged canceling ride cancel ride driver text message prove called number spoke three customer service rep told could refund checking account offered form uber cash didnt want uber cash since dont plan using uber anytime soon ive never used uber tried use may th cant believe cant refund money actually took account order placate representative gave extra dollar uber cash big whoopty doo purposely take uber ride use uber cash otherwise going sit give uber huge thumb unbelievably terrible disappointing service company thats supposedly trustworthy
cancel ride,5,bad experience multiple time first bad experience booking auto auto driver arrived didnt called charged extra second time driver changed route earn extra money driver didnt moved bit cancel ride charged cancellation improve service quality instead charging customer fraud people
cancel ride,5,experience platform hasnt goodthe driverscaptains sometimes trick giving money even sometimes make cancel ride app charge extra app absulatly disgustingi would give star option also withdraw option customer need withdraw wallet monye emergency
cancel ride,5,madurai captain rapido rider ask u pay extra money experienced many friend cancel ride reason captain demanding extra money rapido app deducting money think option app captain call app call may get recorded dont get mobile please dont charge cancelling ride captain demand extra money
using uber,5,"On May 17th I called for a ride. As I was waiting for the driver I got a text message that said the driver canceled. The amount I paid for the ride was refunded into my checking account. However, they charged me an additional $4.93. I received an email that I was charged 4.93 for canceling the ride. I did not cancel the ride, the driver did and I have the text message to prove it. I called the 1-800 number and spoke to three customer service reps. I was told they could not refund the $4.93 into my checking account but offered me the 4.93 in the form of Uber cash. I didn't want Uber cash since I don't plan on using Uber anytime soon, I've never used Uber until I tried to use it on May 17th. I can't believe they can't refund money that they actually took out of my account. In order to placate me the representative gave me 30 extra dollars in ""Uber cash"". Big whoopty doo. I will have to purposely take an Uber ride just to use the Uber cash otherwise it's just going to sit there. I give Uber a huge thumbs down. Unbelievably terrible and disappointing service for a company that's supposedly trustworthy."
using uber,5,"There is a pattern with Uber drivers, that I am noticing, which appears to be a very deceptive practice. I am not sure if this trend is the result of Uber's internal policies, as a way to squelch competition, or maybe this is an issue with some Uber drivers. Yesterday, I requested a ride because the Uber App informed me that a driver was two or three minutes away, I accepted, and then it took a ridiculous amount of time for the driver to arrive.  I was watching on the Uber App to see why it was taking so long, recalling that once the driver accepts the ride, one can see his progress. I watched the driver take a somewhat bizarre route, probably dropping off another fare, which took him about 5 minutes, and then he finally started to head in my direction to pick me up. The original quoted driver arrival time was 3 minutes, at 9:47. The driver didn't arrive until after 10, and eventually I arrived at my destination. In the end, it would have been faster, cheaper and more efficient, to have taken public transit. This isn't the first time this has happened to me, and I am sure it has happened to many others. Hopefully, Uber will respond with policies that result in more accurate arrival time quotations so that the consumer can make an informed decision on whether using Uber is in fact a good option, or not."
using uber,5,This was my first time using uber and it was the best experience. My driver Karen was amazing super sweet and my other driver Myriah was so good! I would definitely recommend. Will be using uber again!!!
using uber,5,The drivers for this app has bad route map. They usually loss track on the way. And the customer service is a scam asking the confidential secret pin no. to refund the money. And they cannot resolve the issue at all. I've being using uber for long time but haven't face this type of situation where the driver drop to a undesired location. And charging double the price to deliver to the right place
customer care,5,"Worst app ever, there are a lot of issues, especially with the customer care and help section, recently I booked a ride and the driver took 100rs extra, I was in hurry so I had to pay him the extra amount, later the same day I tried to contact rapido support but no response, I've tried for 3 to 4 days continuously, the app says it will connect to an agent but takes like 2hrs to connect, and when you get connected to that person, he will just end the chat randomly, wish I could give 0 star👎👎"
customer care,5,"The best automobile hire service available. But, recently, I have observed that the service is charging fluctuating prices. At the time of boarding, there is one price. While at the time of getting down, there is a different price that is showing. A hike in price. I experienced this twice today and customer care is denying it clearly. I would like to know the solution to the process as app control is at your end and not mine."
customer care,5,"I am extremely disappointed with Rapido's service. They charge extra and when they return money back after complaining ,it cannot be used for all rides.It could only be used for bike ride & that money would no use to the one who doesn't use bike ride. This is completely unacceptable & shows a lack of integrity and customer care. I trusted Rapido for my commute, but this experience has left me frustrated and out of pocket. I urge others to be cautious and consider alternatives before using rapido"
customer care,5,"Such a horrible application. 1. No proper customer care numbers available. 2. Not able to report when there is an issue. 3. Drivers always demands extra money 4. No proper background verification of the driver done. I am facing an issue now where my driver accepted to pick me at my location and never turned up. He did not cancle the ride nor did he inform that he will not come to the location, rather he is travelling to some other place. What is the safety I have?Very bad customer service, safet"
customer care,5,"Most wrost app they charge extra once u reached our destination and driver will say no mam this is the one way we don't go thr that to they will charge more and harsh driving most imp thng is customer care never help you out for any thng even if driver demands extra money that to they don't come to our location we need to go there place, if they don't want to drop our destination we need to give full amount.. disgushting app."
auto driver,5,Very bad experience multiple times. First i had bad experience booking an auto. The auto driver arrived and didn't called and charged me extra. Second time the driver changed the route to earn some extra money and now the driver didn't moved a bit and I have to cancel the ride and they charged me for cancellation. Improve your service quality instead of charging customers. Doing fraud with the people.
auto driver,5,I paid 84/- for a reasonable distance. its ok. but I was charged extra 20 /- for no reason. The Auto driver took a long distance route and claimed the extra distance charge from me. really disgusting. I'm uninstalling this and will never used this again. worst app
auto driver,5,"Very unsafe for passengers as most of their rickshaw drivers are untrained, lack proper communication skills and turn up with vehicles other then the registered ones. Yesterday, my auto driver ferryed a share fare also while ferrying me to my destination and Rapido did not take any penal action on him. Women commutters for your own safety please avoid."
demand extra,5,"Rapido Bike stands out among its competitors, even those offering cheaper rates. The bike riders never demand extra money. The app has user-friendly features for changing payment options. However, the Rapido cabs, especially the older diesel ones, have issues with fumes and smell. Overall, I am giving Rapido Bike a full star rating. So far, it’s the best compared to Uber Moto."
demand extra,5,I never get pink bikes in chennai. Like EVER!!!!!!!!! And the auto drivers always demand extra cash or end up cancelling the ride which you got with great difficulty in the first place. Kindly introduce more female bike captains for women to reach safely and quickly.
first time,4,For the first time in Chennai we used…
first time,4,"There is a pattern with Uber drivers, that I am noticing, which appears to be a very deceptive practice. I am not sure if this trend is the result of Uber's internal policies, as a way to squelch competition, or maybe this is an issue with some Uber drivers. Yesterday, I requested a ride because the Uber App informed me that a driver was two or three minutes away, I accepted, and then it took a ridiculous amount of time for the driver to arrive.  I was watching on the Uber App to see why it was taking so long, recalling that once the driver accepts the ride, one can see his progress. I watched the driver take a somewhat bizarre route, probably dropping off another fare, which took him about 5 minutes, and then he finally started to head in my direction to pick me up. The original quoted driver arrival time was 3 minutes, at 9:47. The driver didn't arrive until after 10, and eventually I arrived at my destination. In the end, it would have been faster, cheaper and more efficient, to have taken public transit. This isn't the first time this has happened to me, and I am sure it has happened to many others. Hopefully, Uber will respond with policies that result in more accurate arrival time quotations so that the consumer can make an informed decision on whether using Uber is in fact a good option, or not."
first time,4,This was my first time using uber and it was the best experience. My driver Karen was amazing super sweet and my other driver Myriah was so good! I would definitely recommend. Will be using uber again!!!
first time,4,I took an Uber for the first time…
ola cab,4,Complaint Now Successfully Resolved_Fraud in Outstation Ola Cab Booking and Payment
ola cab,4,"Ola cab(( 700,1818,022 )),,There were no problems that I faced but as soon as I got down, I realized that I left my bag behind. I panicked and called the driver and he wouldn't agree to return it unless I pay him more money. It was absolutely infuriating to experience what I did because is there no humanity left in this country? I was afraid he wouldn't return it to me, which looked very likely to happen so I agreed to pay him the money and get my things back but what a brutal experience to have. If drivers aren't hired based on basic humanitarian grounds"
dont get,4,"This is very disgusting app, it's made our lives more difficult. Staying in one corner or pune which is lohegaon we dont get any auto, when we are in hurry that time no auto person accepts the ride even though they are close by. This is really bad, very disappointing, very rubbish, when a person has urgency then too.Secondly when the ride is booked the ola drivers call us and tell it's too far and they ask us to cancel the ride in which we get charged what nonsense is this seriously. And though they are close by they still cancel the ride...and we wait over here. This is really shameful, a utter harassment to customers or ola ride.Get something done, get your app drivers informed or get your app right."
refund money,4,Ola refund money successfully completed 9330554674
refund money,4,"On May 17th I called for a ride. As I was waiting for the driver I got a text message that said the driver canceled. The amount I paid for the ride was refunded into my checking account. However, they charged me an additional $4.93. I received an email that I was charged 4.93 for canceling the ride. I did not cancel the ride, the driver did and I have the text message to prove it. I called the 1-800 number and spoke to three customer service reps. I was told they could not refund the $4.93 into my checking account but offered me the 4.93 in the form of Uber cash. I didn't want Uber cash since I don't plan on using Uber anytime soon, I've never used Uber until I tried to use it on May 17th. I can't believe they can't refund money that they actually took out of my account. In order to placate me the representative gave me 30 extra dollars in ""Uber cash"". Big whoopty doo. I will have to purposely take an Uber ride just to use the Uber cash otherwise it's just going to sit there. I give Uber a huge thumbs down. Unbelievably terrible and disappointing service for a company that's supposedly trustworthy."
great service,4,Great service
great service,4,Driver Alexandra(Crewe) made sure my order was delivered to the right address after the Uber app on her end was showing my location wrong! Thank you!! Great service!
great service,4,great service
great service,4,"A really great app. Great service, price and coverage. It would be even better if they can keep a track of the cancellations of pilots over extra money it would make life easier for commuters like us"
uber cash,4,"On May 17th I called for a ride. As I was waiting for the driver I got a text message that said the driver canceled. The amount I paid for the ride was refunded into my checking account. However, they charged me an additional $4.93. I received an email that I was charged 4.93 for canceling the ride. I did not cancel the ride, the driver did and I have the text message to prove it. I called the 1-800 number and spoke to three customer service reps. I was told they could not refund the $4.93 into my checking account but offered me the 4.93 in the form of Uber cash. I didn't want Uber cash since I don't plan on using Uber anytime soon, I've never used Uber until I tried to use it on May 17th. I can't believe they can't refund money that they actually took out of my account. In order to placate me the representative gave me 30 extra dollars in ""Uber cash"". Big whoopty doo. I will have to purposely take an Uber ride just to use the Uber cash otherwise it's just going to sit there. I give Uber a huge thumbs down. Unbelievably terrible and disappointing service for a company that's supposedly trustworthy."
uber driver,4,Asler is the best Uber driver I’ve ever had. Absolute geezer great guy fantastic chat and a good driver. Would pick him 10 times out of 10 and couldn’t recommend him more. Deserves a raise. Wonderfully clean car too.
bike ride,4,"I am extremely disappointed with Rapido's service. They charge extra and when they return money back after complaining ,it cannot be used for all rides.It could only be used for bike ride & that money would no use to the one who doesn't use bike ride. This is completely unacceptable & shows a lack of integrity and customer care. I trusted Rapido for my commute, but this experience has left me frustrated and out of pocket. I urge others to be cautious and consider alternatives before using rapido"
bike ride,4,"Best app to book any Ride, but in my area some times I can't get ride for a while. Very few captains are available. I was waiting for 20 minutes to get bike ride. This problem is the main otherwise All things are good. Thank you :)"
pay money,3,"They keep overpricing the rides and sneakily change the way to pay money, so that by default you will pay more, and if you don't give a ""tip"" the ride will take very long to book, which I think is not the driver taking money but rather the app being programmesd to give a ride faster if a tip is given"
even though,3,"Avoid this company!Several times i ordered a car and it couldn't find me a ride, i was cancelling it to find with another company as i was waiting too long and even though they didn't register any car to me they charged me cancelation fee £6.And this happened many times, they just take your money.Customer service doesn't help.Avoid them."
even though,3,"This is very disgusting app, it's made our lives more difficult. Staying in one corner or pune which is lohegaon we dont get any auto, when we are in hurry that time no auto person accepts the ride even though they are close by. This is really bad, very disappointing, very rubbish, when a person has urgency then too.Secondly when the ride is booked the ola drivers call us and tell it's too far and they ask us to cancel the ride in which we get charged what nonsense is this seriously. And though they are close by they still cancel the ride...and we wait over here. This is really shameful, a utter harassment to customers or ola ride.Get something done, get your app drivers informed or get your app right."
even though,3,"They demand higher fare after the ride has ended. I then have to message the customer support who then send the refund to the rapido wallet even though I ask them to send the refund to UPI. The money in rapido wallet is unusable. Whenever I try to set rapido wallet as the payment option for a ride, it says it is not supported. Bike rides aren't supporter in my city either. They are doing this deliberately to rip us off"
many time,3,"I have been using rapid for quite some time and what I have seen is that, the most of the drivers are rude and bheave rudly. Also most of them ask for extra payment and many time, literally I had to bargain the price before starting the ride. They say that rapido deducts some amount from them so that's why they are asking more"
cab service,3,Ola cabs ~ most unreliable cab service
get ride,3,"Best app to book any Ride, but in my area some times I can't get ride for a while. Very few captains are available. I was waiting for 20 minutes to get bike ride. This problem is the main otherwise All things are good. Thank you :)"
