ngram,count,example_comment
customer service,68,Pathetic customer service.
customer service,68,Bad customer service and rude call…
customer service,68,Very poor customer service
customer service,68,Worst customer service why the hell…
customer service,68,My senior citizen parents had to take a slight detour due to water logging and traffic jam under a bridge. OLA Driver added extra ~15% to the quoted fare as a result. Customer service took 4 wks to respond. OLA is pathetic. Do NOT use OLA out-station- total FRAUD. They value money over customer satisfaction.
worst service,36,"Worst service,i have got Ola Air on 1…"
worst service,36,Very worst service given by Ola cab…
worst service,36,One of the worst service face in auto…
worst service,36,"Cheaters,  worst service"
worst service,36,Worst service in Nagpur only  Because I am use this app in pune and Mumbai it is helpful but nagpur (specially in night) it's worst...
bad service,34,Ola bad service
bad service,34,It's very very bad service because…
bad service,34,Right now Ola is a very bad Right now Ola is a very bad service they they hired unskilled lazy driver those who doesn't want to pick up the ride they just accept the right and they cannot move on thei
bad service,34,Very Bad service
bad service,34,Bad Service
worst experience,33,Worst experience.
worst experience,33,It has become the worst experience
worst experience,33,Worst experience in service.there is no…
worst experience,33,Worst experience I booked for 16 km but…
worst experience,33,Worst experience by ola driver Sanjay…
worst app,29,Worst app ever!!!
worst app,29,Worst app😡😤
worst app,29,"Worst app,3 times I booked 3 times they…"
worst app,29,Worst worst worst worst app
worst app,29,Worst app and Service
bad experience,29,I want to share my bad experience with…
bad experience,29,Very bad experience ever when I book…
bad experience,29,It’s a very bad experience with Ola
bad experience,29,BAD EXPERIENCE WITH OLA CAB
bad experience,29,19-01-2023 Such a bad experience in my…
customer support,29,"NEVER use Ola - terrible company, NO customer support. If you file a complaint with them they instantly mark the case as resolved!!!  We booked a ride $14-$17 estimated cost - charged $25 and when we checked the map the driver dropped us off at our destination then continued a few km further down to another drop off so he could charge us the extra. We will never ever use again as that was their second chance."
customer support,29,Such a pathetic service by Ola. No customer support no professional etiquette. Impolite and unprofessional driver. The charged cancellation fee from customer even if their driver cancel the rides.
customer support,29,Worst customer support and drivers allottedDrivers cancel the ride not just once but 5 times we booked today after hearing location destinationOla customer support zero just a feedback form and in the end a note sorry to know but if we cancel ride we are chrged for our next ride and if the driver like today we faced cancels the ride no compensation for the customers.Whats the point in trusting a brand that claims to be top service provider for cabs.OLA sucks is the word i would rate
customer support,29,"Pathetic customer support and useless portal for logging in the queries and issues. Long waiting for cab booking , takes almost 15-20 minutes to confirm the ride and then 90% of the times the cab driver cancels the ride. Then try to book again and the cycle continues. Cab drivers keep cancelling or rejecting the rides most of the time. Complete wastage of time and energy. Ola raises false bills - the cab drivers prefer cash or gpay on their phones. After that ola raises bills of same amount and keep adding the late fees, keep sending reminders on mail and messages. Customer support numbers never work, never connects and the website displays wrong customer support number. Very bad service, worst portal and completely not recommended cab service."
customer support,29,"In Ahmedabad Gujarat ola driver took cash from me but now ola messaging me to pay again as driver denied and kept money given in his pocket. Customer care is unable to support me and saying me to pay again....They protect agressive and scary drivers who are angry despite zero provocation. They refused to issue a refund, despite the service not being provided. Very unsafe and scary as well as tardy, uncommunicative and rude customer support. The driver was scary. so i have decided never use OLA from now on."
worst customer,21,Worst customer service why the hell…
worst customer,21,Worst customer support and drivers allottedDrivers cancel the ride not just once but 5 times we booked today after hearing location destinationOla customer support zero just a feedback form and in the end a note sorry to know but if we cancel ride we are chrged for our next ride and if the driver like today we faced cancels the ride no compensation for the customers.Whats the point in trusting a brand that claims to be top service provider for cabs.OLA sucks is the word i would rate
worst customer,21,Worst Customer Support
worst customer,21,Absolutely WORST customer service.
worst customer,21,The worst customer service ever
cancel ride,16,Worst customer support and drivers allottedDrivers cancel the ride not just once but 5 times we booked today after hearing location destinationOla customer support zero just a feedback form and in the end a note sorry to know but if we cancel ride we are chrged for our next ride and if the driver like today we faced cancels the ride no compensation for the customers.Whats the point in trusting a brand that claims to be top service provider for cabs.OLA sucks is the word i would rate
customer care,14,Disappointed Customer Care Service
customer care,14,Customer care executive are rude and…
customer care,14,"In Ahmedabad Gujarat ola driver took cash from me but now ola messaging me to pay again as driver denied and kept money given in his pocket. Customer care is unable to support me and saying me to pay again....They protect agressive and scary drivers who are angry despite zero provocation. They refused to issue a refund, despite the service not being provided. Very unsafe and scary as well as tardy, uncommunicative and rude customer support. The driver was scary. so i have decided never use OLA from now on."
customer care,14,"Pathetic - worst drivers, had to pay way too much money.. this app is a robber! For a 1.5 km distance, they showed initially 123rs which later changed to 168 rs and when the ride ended it showed 492 rs. What the hell is this? How are they charging 492 for 1.5km distance! Customer care no is switched off! No one is paying attention to the issue. Plus Worst drivers. Im uninstalling this app."
customer care,14,Poor service from customer care team
never use,13,"NEVER use Ola - terrible company, NO customer support. If you file a complaint with them they instantly mark the case as resolved!!!  We booked a ride $14-$17 estimated cost - charged $25 and when we checked the map the driver dropped us off at our destination then continued a few km further down to another drop off so he could charge us the extra. We will never ever use again as that was their second chance."
never use,13,"Such a #WORST SERVICE provided by Ola. Never use Ola service in any of the situation. Now a days they are making fool to say use as Ola post paid. Once you booked cab than driver is not ready to take as post paid, so now customer has to pay as well as Ola is making fake call to pay ola post bill also. Ola has invented new way to make fool customer. WORST SERVICE PROVIDER."
never use,13,"Never use Ola service in any of the situation. Now a days they are making fool to say use as Ola post paid. Once you booked cab than driver is not ready to take as post paid, so now customer has to pay as well as Ola is making fake call to pay ola post bill also. Ola has invented new way to make fool customer. WORST SERVICE PROVIDER."
never use,13,"In Ahmedabad Gujarat ola driver took cash from me but now ola messaging me to pay again as driver denied and kept money given in his pocket. Customer care is unable to support me and saying me to pay again....They protect agressive and scary drivers who are angry despite zero provocation. They refused to issue a refund, despite the service not being provided. Very unsafe and scary as well as tardy, uncommunicative and rude customer support. The driver was scary. so i have decided never use OLA from now on."
never use,13,"I booked a cab this morning, the booking said 8 min, but 15 mins later I get a call saying the driver is 8 mins away, I accept. After getting into the car the driver states he wants cash instead of my credit card that I had used to book as he has no fuel. I decided that I had had enough at this stage and exited the ride. The service was quite pathetic- will never use Ola again."
experience ola,12,worst ever experience ola call
experience ola,12,worst experience ola driver sanjay
experience ola,12,bad experience ola
experience ola,12,worst experience ola promonth
experience ola,12,bad experience ola cab
extra money,12,"ola drivers asking for extra money, if not given bad reviews given to the customer"
extra money,12,"It was the worst experience i've ever had with rapido....He demanded extra cash instead of ₹248 which was shown on the app he asked for ₹300 and my grandmother was tevelling alone and he didn't let her get out of the auto... without the extra money.... she litrally got terrified. I'm never gonna use this app ever again and will suggest everyone not to use this app! specially in patna.... the way these drivers talk, it's very uncomfortable! and at the end he took ₹300."
extra money,12,"I have been using this app for several months. My last ride captain demanded extra money after reaching my destination. He forced me and took extra. I have proof. But rapido's customer service is tooooo poor. They replied to me after 7-8hrs when I was not online. I wouldn't recommend this app to anyone. Even the email address they provide to give the proof, that is not working too.... very disappointed 😞"
extra money,12,Worst experience with the driver.. I have mentioned exact drop location and it is showing in my phone but after reaching he is telling you location ends few km ago and demanded extra money I paid extra money as a tip still he was asking extra money by telling location is different in his phone and I showed my phone and location mentioned in my phone but he was behaving rudely and scolding me by using abusive languages in the middle of the road at night I feel very bad and disappointed
extra money,12,"One of the worst app, most of the time when we book rides, the driver ask for extra money or to cancel the ride and take offline ride and when we cancel the rides due to many reasons such as extra pay , bad vehicles, etc the rapido add "" rupees 8 "" as charges every time which is also a worst thing. Overall very bad experience with rapido."
service ever,11,Worst worst worst service ever
service ever,11,Worst service ever.
service ever,11,The worst customer service ever
service ever,11,Worst cab service ever
service ever,11,I would like to give Uber 0 Stars - Worst Service ever
app ever,11,Worst app ever!!!
app ever,11,Worst app ever
app ever,11,The worst app ever... whenever i have downloaded the app and booked a ride..i have always faced problem..the driver cancels tge ride sometimes and sometimes even make us wait for long long time and the automatically cancels the ride...i request each one of you to please ban this app because its just an add on material to waste our time and nothing else...We humans in 24 century are too busy UBER and we can't let u waste our time like that.
app ever,11,Worst app ever. At the start it shows a cheaper price so that you take it and then by the end it will increase the prince drastically... Also a lot of the drivers using this app have a lot of ego.. Don't even pick up the phone and start the tjmer before reaching the location.
app ever,11,"It was the worst experience i've ever had with rapido....He demanded extra cash instead of ₹248 which was shown on the app he asked for ₹300 and my grandmother was tevelling alone and he didn't let her get out of the auto... without the extra money.... she litrally got terrified. I'm never gonna use this app ever again and will suggest everyone not to use this app! specially in patna.... the way these drivers talk, it's very uncomfortable! and at the end he took ₹300."
one worst,11,one worst service face auto
one worst,11,one worst cheating service
one worst,11,one worst time
one worst,11,one worst service coimbatore driver call ask location ask u cancel urgency dont book ola wont care customer
one worst,11,third class service mean booking ola per location driver cancelled service per mood asking location customer go difference normal taxi ola one worst service given ola
worst company,11,Worst company no management no customer…
worst company,11,Very very worst company and poor customer…
worst company,11,The worst company to work with.
worst company,11,Honestly the worst company I have ever…
worst company,11,worst company
worst worst,11,Worst worst worst service ever
worst worst,11,Worst worst worst worst app
worst worst,11,3rd class is best word for ola but I am giving 4th class service from ola.I have been waiting since 1 hour to book the cab for home but no one is taking the pickup. Worst worst worst ola
worst worst,11,"Worst Worst. No response to your query I think customer help desk is only for name sake but they will call, message email, what's app you 4 to 5 times a day if any pending wahhh ! Driver reject the ride, wait for us to reject, asked for cash claiming out of cash. Jabardasti ka post paid payment. Harassment for recovery but not even a single response for refund related query."
worst worst,11,Worst worst and worst.No timely…
cab driver,11,"Pathetic customer support and useless portal for logging in the queries and issues. Long waiting for cab booking , takes almost 15-20 minutes to confirm the ride and then 90% of the times the cab driver cancels the ride. Then try to book again and the cycle continues. Cab drivers keep cancelling or rejecting the rides most of the time. Complete wastage of time and energy. Ola raises false bills - the cab drivers prefer cash or gpay on their phones. After that ola raises bills of same amount and keep adding the late fees, keep sending reminders on mail and messages. Customer support numbers never work, never connects and the website displays wrong customer support number. Very bad service, worst portal and completely not recommended cab service."
cab driver,11,"Got scammed by Rapido cab driver. Horamavu to Airport app shows 600 rs. He stopped at fuel station which I paid for 200. Reached airport he asked for 1500. Which led to an argument. Since I had a flight to catch. Ended up paying 1500 in total. Called Customer care and complaint, turns out no action taken to the driver. They did return 740 rs to Rapido wallets. But can only use it for BIKE RIDES. No Auto No Cab. 🥵 Bad Experience for me."
ola cab,10,Very worst service given by Ola cab…
ola cab,10,BAD EXPERIENCE WITH OLA CAB
ola cab,10,Getting bad experience now days with ola cab price is showing as 589 but while playing its charged as 730 . we do not even change the route and also there is no traffic at all not happy with services.
ola cab,10,"Ola cab, is only for the animals ride not for the people, the cab is so dirty and disgusting so smelly cigarette and smell like dead inside on the cab OMG I got cough after I ride ola cab, Ola should do the random audit on the cab. I won’t never used Ola ride again. Best recommended Uber ride. 👍👍👍"
ola cab,10,Very poor service by Ola Cab…
