ngram,count,example_comment
customer service,45,Customer service never responds after paying also said not payed
customer service,45,"Ola Ride Number: CRN 6344373307It is a request to wave off the money instead of giving me 2 coupons.On 4th June 2022, The cab broke down in the middle of the ride and the driver told us that it won't charge us anything and left us on the middle of the bridge and we faced a lot of issues as we were unable to find any other ride there. We booked another Ola cab, but that driver also didn't come and refused to cancel the ride as it will cost him. Lastly we had to book a private taxi with double money just to get down the flyover bridge.But still we were charged 460Rs. I had to face all these things with my aged parents.As it was postpaid charge, so I have not paid anything.Ola acknowledged the issue but they are asked me to pay the postpaid charge and in return they are offering me ola coupons.But why should I pay in the 1st place for the ride i didn't take. If they acknowledged their mistakes, then they should also wave off the money.I have send them numerous Emails since last 2 months.WHEN I SEND EMAIL TO OLA SUPPORT TEAM, THEY ASK ME TO SEND EMAIL TO OLA MONEY TEAM.WHEN I SEND EMAIL TO OLA MONEY TEAM, THEY ASK ME TO SEND EMAIL TO OLA SUPPORT TEAM.I have around 20 similar Emails in which teams are asking me to send email to each other.My complaint numbers: 332617981 , 329945960 , 328359615 , 325772161.They are simply throwing my ticket here and there without taking any responsibility.And then they closing the ticket without resolving it.I called the customer service and asked for manager call back, and till now have not received one.And above that, Ola team is continuously Spam calling me asking me to pay the charges. When I asked them to check my emails, they are disconnecting the call. And then somebody else is calling me. and now they have charged a late fee of 100 and asking for 560rs.In short, there is no communication in between teams. And nobody is ready to help in the first place.I am not going to use OLA anymore, so the coupons are of no use of me.I just want these money to be waved off and stop getting these spam calls and messages."
customer service,45,Ola customer service support93.50.836.401call me to
customer service,45,Useless company never listen to you. Charge too much Not great customer service. Driver turned up late Drop me wrong place Using mobile phone while driving. Speaking on the phone own language.Company only worry about charging money to customer
customer service,45,"Ola services are one of the pathetic taxi services that I have ever experienced, very high prices and top of the no cabs or autos available.Their customer service is rotten, if we have to contact them for some issue, they have made it so difficult to contact them. These guys should be removed soon."
ola cab,29,Ola cab not trustworthy
ola cab,29,Third class services of ola cab
ola cab,29,My recent experience with the Ola cab…
ola cab,29,YESTERDAY I HAVE BOOKED A OLA CAB
ola cab,29,I was cheated by Ola cab driver of…
customer support,25,"No customer support help us ,no option…"
customer support,25,"I have had multiple instances where the driver took the longer route and then i had to pay extra cash and their customer support is also useless, I mean how can i trust a company serving customers through facebook messenger.And also the drivers ask extra money in the name of cng tax and what not"
customer support,25,"Ola is not worth for a single star, always this app customer support will be technical issues. Some times when driver does issue with the ride with can not get in touch with this Ola customer support at all. This drivers are very rude and unprofessional especially auto drivers, they stand 200 mtr away and they will click on arrived button again when we call them they says ""Madam, on the 2 min"" if he is arriving after 2 min he should click arrive button after reach me. Whenever i book ola all drivers ask first ""Madam, payment Cash or Online?"" If i say online immediately he will cancel my ride. Second ""Madam, where u want us to Drop u?"" Without knowing why will i enter drop location? This question doesn't make any sense and this kind of Worst drivers this OLA has."
customer support,25,Ola cab contact now 8249331494online service available anytime open I am not refund amount enquiry problem solve contact customer support team please my account main refund amount back
customer support,25,"I paid in cash to the driver and later I received Invoice stating the amount is to be paid later on a particular date. OLA updated my account as postpaid customer. That is just one thing. Later I contacted OLA support. I had to call 4 times and wait for at least 10+ mins before someone answered. He was tryoiing to help initially and even said he needs 3 days to resolve this issue. But when I was explaining about another similar case, he disconnected the call. OLA is unreliable. I wish there was a better way to resolve these issues. In the first place customer must be allowed to choose the mode of payment. Drivers should not accept cash if they know taking cash is not an option.Secondly, in case any issue arises, OLA should have a good customer support and service.They have a Pathetic support and service division.After writing to OLA and waiting for 10 days, there was no response and I was informed through email to clear all dues where as out of that total amount Rs. 2000/ was already paid through cash and another Rs. 109 was charged because driver denied duty and wrongly updated the app. What kind of application is this?I recomend all to do the below especially when booking OLA: 1. Double check payment mode and pay accordingly2. If the driver denies duty, ensure you report to the OLA support through application and DO NOT let the driver leave without raising a complaint. If he doesn't stop, still go ahead and ensure you talk to OLA asap.Hope this helps you from avoiding unneccessary hassle and trouble."
auto driver,25,Ola cabs and auto driver are doing…
auto driver,25,I would like to rate the auto driver…
auto driver,25,Nenu ola app lo auto book cheysanu…worst auto driver behaviour...
auto driver,25,"Hi team Good Morning. I have been using ola services since long time but now I am very much disappointed. Since the time, the ola auto drivers have access to the drop location, they do not accept the ride only. During morning time, when most of the people need auto for commuting to office, these auto drivers dont accept the rudes only. One day an incident happened with me, I was trying to book a ride since long time, but i was not able to, as nobody was accepting the ride. Then I went to road to get running autos, then I came across an auto driver, he said book through ola, then i will accept. Then he switched on his rides requests and then he accepted the ride. I dont understand why we need to first get an auto, convince him to go to a particular location and starrt book on the app and then they will accept the ride. What is this process!!! If they are on their duty so they should accept the rides! Why this kind of inconvenience to customers!"
auto driver,25,All auto driver are going long root
cancel ride,25,"They are nothing like they portray themselves in advertising. Don't get rides on time dont give you 50rs for that. Sometimes drivers cancel ride after accepting it without even telling you which wastes your time. Even if auto breaks down in between & could not complete the ride, it charges you full amount. & after that for so long you cannot even book another ride due to app issue. Support system is not so good. All issues not included. There is no one to talk in person from the call center."
cancel ride,25,"I booked for a location. The rider cancelled the ride and then I found another private vehicle, while I was on my way home, the app spontaneously continued searching for another rider., I was unable to cancel the search, this app doesn't provide you with option of cancelling the search for rider once it is started. Now I have reached my desired location and they have forcefully provided me with a rider and calling me often asking me to cancel ride. While I was being charged extra for the waiting"
cancel ride,25,"I have been to hospital and booked rapido while returning, 4-5 drivers cancelled the request continuously. What is the point of having these kind of facilitiy if they cancel ride continuously 5 time during emergency. Worst experience ever. If there is a option to give 0 Star i would have select that only. Time to uninstall the app."
use uber,24,Do not use uber in rome
use uber,24,Don’t use Uber in Marbella / Puerto Banus
use uber,24,Iv tried to use Uber 3 times now and…
use uber,24,Will never use Uber again I booked a…
use uber,24,DONT USE UBER
uber driver,24,Uber Driver
uber driver,24,THIEVING UBER DRIVER
uber driver,24,"Uber driver cancelling, then charging fee!"
uber driver,24,“I got robbed by an Uber driver
uber driver,24,Waited for an Uber driver to pick me up…
uber eats,21,Uber Eats is unreliable
uber eats,21,An Uber eats driver stole one of my…
uber eats,21,I constantly receive Uber Eats messages via the app. I have never used Uber eats before. Then a driver dropped us off 25 minutes away from Abbey Road Studios. The support center just kept going in circles when I try to refute where he drop us off at. Customer Service is abhorrent.Where else would a tourist want to go other than Abbey Road studios where the album cover picture was taken. I am done with Uber.
uber eats,21,"I have hardly ever used this service. I have never used uber cars and have had the uber eats app for around three years and have only used it a couple of times. So tell me why over the space of the last year I have had three unauthorised, unexplained payments taken from my account from this company. I am now on my third card change of the year because somehow this continues to happen even after I change my card details and don't give my app my new details. I have now deleted my uber eats account, refuse to ever use any of their services again and will officially be reporting these incidents if this happens again."
uber eats,21,Had a promo In my messages on uber app could not retrieve it 3 times sent screenshot they still kept asking for screenshot explained it told they will escalate responded with I had a problem with a trip so 8 times they answered without reading my query and last time on hold to  a supervisor the agent hung on me while I was talking I stopped using uber eats now I think I'll use bolt.So finally got a response they deducted £1.85 of my trip and gave me 5 pound credit could have just told me if promo was valid or not at the start i would have been happy the fact after 6 times of requesting same screenshot i wrote if you send me the same message i will write a review the cheek of the agent to send same message but at the end wrote look forward to your reply was obvious they were trying to be funny and irratate me as none of the previous. Messages had this response at the end.
dont use,20,DONT USE UBER
dont use,20,"Kindly dont use auto or cab service of rapido.Driver ll take the long route for additional charges. Despite of complaining so many time didnt change anything rather they just took as feedback but i never got refund. Customer care is so pathetic they forcefully closed the cases & marked as solved. Better take uber . They take strict action against this, even 10 rs ll be charged extra they ll refund. Hope i can rate zero to this app. Such a shame"
extra money,19,Always demands extra money
extra money,19,Driver took extra money
extra money,19,"I have had multiple instances where the driver took the longer route and then i had to pay extra cash and their customer support is also useless, I mean how can i trust a company serving customers through facebook messenger.And also the drivers ask extra money in the name of cng tax and what not"
extra money,19,Ola cab drivers ask extra money for charges else they cancelling the ride.
extra money,19,"It took extra money and told that it is pre cancellation charge .If we book ola and cancel that's ride, next time again we book then our previous charge with present charge added.This is not good .😭 I paid extra money ."
booked ola,17,I booked ola auto for 15 time in time…
booked ola,17,We have booked ola 3 times it takes to…
booked ola,17,I booked ola today the driver name was…
booked ola,17,I booked ola auto ... I called him to ask were is he ... He replied coming in 2minutes... Auto guy cancelled the ride... Were i have been charged with cancellation charges
booked ola,17,"When I booked ola it showed less price ,so I booked the cab but after reaching to my destination I was charged 100 rupees with no concrete answer as it was charged by Ola app which amounts to cheating ,it's happening second time so I will not use  this app later for any ride"
never use,17,Never use Ola Post Paid or Ola Money
never use,17,"Pethatic And Unprofessional Service From OLA , OLA Has Becaome A Non-Sense For Their Users , The Drivers Cancel The Bookings After Confirmations. Had Booked OLA For Outstation Needs , The Driver Had Cancelled The Ride From His Side Without Even Informing , We Had Been Waiting To Travel But Was In Shock To See That The Outstation Booking Which Was Done In Advance Had Been Cancelled . Never use OLA In Any Emergency Situations ."
never use,17,Never use Ola.
never use,17,Never use OLA
never use,17,Never use Ola if you are a single woman…
cab service,17,One of the worst  cab service  provider no Customer  supportCustomer  service  for nothing cheater  cab service  provider dnt usenot recommend Uber is the best for service  highly  recommended
cab service,17,"One of the worst experiences I have ever had during my previous ride with ola cab. I booked a can from Jamshedpur, Jharkhand to Varanasi, Uttar Pradesh, in emergency as my mother got expired and I had to visit Varanasi as soon as possible. The fare charge with was showing is 11,600 + toll tax. After I reached on to the destination, the amount which driver was asking to pay was 15,700 + toll tax. I had already paid him 13,500, but he used to call me over and again in the gap of 2-3 minutes asking for due amount to pay which was amounting to 3700 extra. I was busy in cremation of my mother, and getting calls from the cab driver. I just want to know that how much considerate ola cab service provider organization is during this critical situation that you are asking unnecessary amount from a customer who has lost his mother and busy in cremation process of hers.I request everyone not to book ola cab instead you can opt to book uber or any other cab service, atleast they will be considerate to you in your hard times.Thanks and regards,Amrit Srivastava"
cab service,17,Ola cab service is getting  very bad…
cab service,17,Absolute disgrace Uber state they can pick up and drop of anywhere Not true if you are in knavestock then you cannot get one the drivers just drop the request Absolutely disgraceful service they choose what they want to do if you want to be a cab service then be one I will never use you again bring back black cabs or bolt for me
cab service,17,"Third class cab service, drivers don’t accept booking at the first , if by chance anyone accepts then the waiting time is too long and when they are just 2 minutes away that moment only they cancel booking on their own"
customer care,16,Thrid class service no customer care no…
customer care,16,Customer care doesn't exist
customer care,16,Ola doesn't have a customer care…
customer care,16,Ola customer care service no
customer care,16,"I had a terrible experience with Ola  cab.  Ola has been doing it for quite some time. I have encountered this thrice. On 18th September at 12:47 am I booked a Ola ride from Mulund to Andheri. The estimated bill was rs.313/- I accepted it and traveled. I paid rs.313/- online during my ride to avoid cash payment, I understand that the actual bill may vary a little, however the bill was generated of rs. 451/- when the driver dropped me at my location. The amount directly got hiked by 44%. Several times I called Ola customer care service, they said that payment has been already initiated from our end and it should reflect in your account within 7 working days. Unfortunately I didn’t receive any amount. I called them again and requested  to initiate as soon as possible, they replied that you will get a voucher of rs.138/- into your ola app. Unnecessarily they are giving a coupon when I clearly mentioned them for refund as  I no longer wish to be a Ola user but they denied saying that we can't do anything as it is automatically generated by the system. Also, couple of time they disconnected the call after I shared my experience.  As a keen observer, I have noticed that ola some time shows you the longer route and then the fare get increases by the end of the ride. Customer care says that your driver took a longer way. No way to complain or blame about drivers.Ola is looting people in new ways which is unacceptable as a genuine regular customer. #Ola #Olaride"
driver took,16,Driver took extra money
driver took,16,"I had a terrible experience with Ola  cab.  Ola has been doing it for quite some time. I have encountered this thrice. On 18th September at 12:47 am I booked a Ola ride from Mulund to Andheri. The estimated bill was rs.313/- I accepted it and traveled. I paid rs.313/- online during my ride to avoid cash payment, I understand that the actual bill may vary a little, however the bill was generated of rs. 451/- when the driver dropped me at my location. The amount directly got hiked by 44%. Several times I called Ola customer care service, they said that payment has been already initiated from our end and it should reflect in your account within 7 working days. Unfortunately I didn’t receive any amount. I called them again and requested  to initiate as soon as possible, they replied that you will get a voucher of rs.138/- into your ola app. Unnecessarily they are giving a coupon when I clearly mentioned them for refund as  I no longer wish to be a Ola user but they denied saying that we can't do anything as it is automatically generated by the system. Also, couple of time they disconnected the call after I shared my experience.  As a keen observer, I have noticed that ola some time shows you the longer route and then the fare get increases by the end of the ride. Customer care says that your driver took a longer way. No way to complain or blame about drivers.Ola is looting people in new ways which is unacceptable as a genuine regular customer. #Ola #Olaride"
driver took,16,"I have had multiple instances where the driver took the longer route and then i had to pay extra cash and their customer support is also useless, I mean how can i trust a company serving customers through facebook messenger.And also the drivers ask extra money in the name of cng tax and what not"
driver took,16,"Uber charged me $40 for a normally $10 ride and is just straight up refusing to give me a refund or even contact me back. i’ve been waiting and they have yet to even reach out with any type of solution, not to mention just last month when my uber driver took the wrong route to get there, they did nothing despite the fact that this was a huge safety issue."
driver took,16,I got an Uber from my partners mums house back to my house we had a pram and lots of bags when we were picked up the driver was driving like a Maniac with my 3 year old in the car then after he dropped us we made sure we took all the bags that the driver took out he said that's it but we had so many bags so then when we got in we realized we had 2 bags missing with £300 worth of stuff in it so he stole our stuff he knew our stuff was at the front we called Uber they was talking rubbish saying they can't do anything except give the drivers number so we called the driver he tried to say he don't have it so I said I wanna see your CCTV as all cabs and ubers by law are meant to have cameras he said he don't have a camera I said thats crap because I see it at the front top near your mirror he was like oh yh that's just for the front I said our stuff was on the front of your seat he has refused to show us CCTV in his car and Uber is refusing to do anything as they are saying they are independent drivers never again I'm Soo mad that £300 worth of items has been taken
used uber,16,We used Uber frequently whilst on…
used uber,16,Uber have deactivated my account for irregular activity - I could understand this if I was a heavy user but I have used Uber approx 10 times as it is not active where I live and I received no comms that there were issues with my account.  They cannot provide any info on why they have made this decision and I can't access my account to review as they have blocked me.  Looks like I'm off to Lyft for my car services ...
used uber,16,I constantly receive Uber Eats messages via the app. I have never used Uber eats before. Then a driver dropped us off 25 minutes away from Abbey Road Studios. The support center just kept going in circles when I try to refute where he drop us off at. Customer Service is abhorrent.Where else would a tourist want to go other than Abbey Road studios where the album cover picture was taken. I am done with Uber.
used uber,16,"I've used Uber 3 times - all disastrous.  Will never use them again.  Overcharged for local journey, then left for hours in a rainy night in a hospital, then charged for a journey which was cancelled as soon as it was 'booked', due to no-one being available for the journey.  How dare they charge you before journey has been carried out? Obtaining a refund was tortuous and I've given up.Never say 'uber' to me again!"
used uber,16,"I have hardly ever used this service. I have never used uber cars and have had the uber eats app for around three years and have only used it a couple of times. So tell me why over the space of the last year I have had three unauthorised, unexplained payments taken from my account from this company. I am now on my third card change of the year because somehow this continues to happen even after I change my card details and don't give my app my new details. I have now deleted my uber eats account, refuse to ever use any of their services again and will officially be reporting these incidents if this happens again."
ola driver,15,Th ola driver lack politeness.He…
ola driver,15,Ola driver Stopped midway and asked to…
ola driver,15,Ola driver cancelled the ride after…
ola driver,15,Third class service from Ola in Kolkata.. unprofessional language from Ola driver.. cancelling booking even after confirming ride over phone..
ola driver,15,Indore railway station. Most of the time Ola driver in the night after booking not responding. Midnight after repeated phone call and waisting half an hour customer try local auto which gives a lot of frustration and loosing trust in Ola. If situation is not in control at railway station better to declare no services . We understand there is a lobbying of local auto drivers but this was the only reason of popularity of Ola to break their monopoly. Suggest to make a identified place to Ola vehicle so there will not be any threat to Ola drivers. Customer dissatisfaction will lead to diminish your business.
cab driver,14,I was cheated by Ola cab driver of…
cab driver,14,"One of the worst experiences I have ever had during my previous ride with ola cab. I booked a can from Jamshedpur, Jharkhand to Varanasi, Uttar Pradesh, in emergency as my mother got expired and I had to visit Varanasi as soon as possible. The fare charge with was showing is 11,600 + toll tax. After I reached on to the destination, the amount which driver was asking to pay was 15,700 + toll tax. I had already paid him 13,500, but he used to call me over and again in the gap of 2-3 minutes asking for due amount to pay which was amounting to 3700 extra. I was busy in cremation of my mother, and getting calls from the cab driver. I just want to know that how much considerate ola cab service provider organization is during this critical situation that you are asking unnecessary amount from a customer who has lost his mother and busy in cremation process of hers.I request everyone not to book ola cab instead you can opt to book uber or any other cab service, atleast they will be considerate to you in your hard times.Thanks and regards,Amrit Srivastava"
cab driver,14,The ola company  charged twice even after payment made by me in cash to cab driver. Ola money wallet activated by company without informing me. Do not use ola app.
cab driver,14,Last few rides OLA cab driver are…
cab driver,14,"After booking car cab driver not came to my location, didn't pick up my call , no reply to my message and cancelled my booking after an hour"
many time,14,"I have booked ola cab.and I have payment cash for that ride, but still in my Ola App showing pending bill of Rs 104.I have sent mail to their customers support so many time.but still no solution provided and customers support was telling me that I you have to pay the pending payment. When I have already gave cash to driver for my ride then why I have paid that amount.Ola cab drivers are cheating customers and they do not clear bill in their side and harass customers. Ola company not clear bill.I am very disappointed to Ola cab. My money has gone and the bill is pending show."
many time,14,"During emargency timing or we book cab for our family members senior citizens. these auto drivers dont accept the rides only. I was trying to book a ride since long time, but i was not able to, as nobody was accepting the ride.many time i face this issue."
many time,14,"Kindly dont use auto or cab service of rapido.Driver ll take the long route for additional charges. Despite of complaining so many time didnt change anything rather they just took as feedback but i never got refund. Customer care is so pathetic they forcefully closed the cases & marked as solved. Better take uber . They take strict action against this, even 10 rs ll be charged extra they ll refund. Hope i can rate zero to this app. Such a shame"
use app,14,"Used app to call an Urber, ON its way all good .. Pickup time 22mins.. All good .. Got down to 9mins and got cancelled, use app again 24mins away for pick up.. Cancelled that too long we walked instead.. Then a driver shows up. When Im already at destination.. Charges me 8 buck for not being there.. 1st time systems has let me down.. NOT HAPPY late for work."
