ngram,weight
great,1.5
good,1.5
driver,0.25
completely,0.25
trust,0.25
tip,0.25
thats,0.25
send,0.25
safety,0.25
rupee,0.25
rip,0.25
half,0.25
despite,0.25
business,0.25
cheating,0.25
week,0.25
behaviour,0.25
absolute,0.25
shown,0.25
showed,0.25
rapido wallet,0.25
online,0.25
making,0.25
giving,0.25
used uber,0.25
actual,0.25
arrived,0.25
bank,0.25
booked ride,0.25
awful,0.25
action,0.25
accepting,0.25
waste time,0.25
wanted,0.25
using rapido,0.25
total,0.25
review,0.25
resolve,0.25
refuse,0.25
reached,0.25
increased,0.25
frustrating,0.25
experience rapido,0.25
ended,0.25
delivered,0.25
credit,0.25
complain,0.25
chat,0.25
booked cab,0.25
driving,0.25
use ola,0.25
accept ride,0.25
disappointing,0.25
apps,0.25
application,0.25
ac,0.25
useless,0.25
traffic,0.25
situation,0.25
paying,0.25
mile,0.25
lost,0.25
driver took,0.25
address,0.25
actually,0.25
zero,0.25
using uber,0.25
th,0.25
sure,0.25
right,0.25
received,0.25
provided,0.25
provide,0.25
uber,0.25
best,0.25
big,0.25
came,0.25
went,0.25
unreliable,0.25
travel,0.25
second,0.25
refused,0.25
recommend,0.25
passenger,0.25
class,0.25
booked ola,0.25
agent,0.25
understand,0.25
case,0.25
reaching,0.25
map,0.25
longer,0.25
local,0.25
fake,0.25
fair,0.25
emergency,0.25
double,0.25
contacted,0.25
demand,0.25
drop location,0.25
think,0.25
book ola,0.25
wasnt,0.25
uber ride,0.25
ticket,0.25
soon,0.25
provider,0.25
previous,0.25
possible,0.25
pay extra,0.25
ola auto,0.25
non,0.25
near,0.25
multiple time,0.25
life,0.25
driver asking,0.25
driver ask,0.25
decided,0.25
correct,0.25
compared,0.25
claim,0.25
cheater,0.25
charged extra,0.25
woman,0.25
additional,0.25
allowed,0.25
kept,0.25
started,0.25
share,0.25
service provider,0.25
service driver,0.25
reply,0.25
quite,0.25
long time,0.25
leave,0.25
kind,0.25
hope,0.25
answer,0.25
feedback,0.25
feature,0.25
far,0.25
face,0.25
dropped,0.25
complete,0.25
cold,0.25
class service,0.25
book auto,0.25
book ride,0.25
bag,0.25
estimated,0.25
app driver,0.25
thief,0.25
tell,0.25
quoted,0.25
look,0.25
initially,0.25
feel,0.25
extra charge,0.25
bike ride,0.25
allow,0.25
advance,0.25
add,0.25
working,0.25
time driver,0.25
station,0.25
sent,0.25
return,0.25
ola service,0.25
night,0.25
gave,0.25
friend,0.25
experience ola,0.25
type,0.25
worse,0.25
especially,0.25
refunded,0.25
added,0.25
waiting time,0.25
waited,0.25
uber app,0.25
talk,0.25
street,0.25
stopped,0.25
speak,0.25
short,0.25
proper,0.25
exact,0.25
pound,0.25
pm,0.25
overall,0.25
old,0.25
ola app,0.25
offer,0.25
morning,0.25
missing,0.25
faced,0.25
able,0.25
given,0.25
stop,0.25
fee,0.25
want,0.25
need,0.25
accept,0.25
long,0.25
cash,0.25
come,0.25
pick,0.25
contact,0.25
ask,0.25
people,0.25
waiting,0.25
hour,0.25
customer support,0.25
car,0.25
way,0.25
said,0.25
order,0.25
min,0.25
wrong,0.25
asking,0.25
phone,0.25
care,0.25
make,0.25
end,0.25
doesnt,0.25
food,0.25
response,0.25
recently,0.25
ive,0.25
getting,0.25
different,0.25
work,0.25
wallet,0.25
say,0.25
pathetic,0.25
drop,0.25
better,0.25
away,0.25
tried,0.25
star,0.25
number,0.25
reach,0.25
destination,0.25
bike,0.25
horrible,0.25
customer service,0.25
company,0.25
booked,0.25
extra,0.25
charged,0.25
support,0.25
charge,0.25
auto,0.25
use,0.25
money,0.25
dont,0.25
experience,0.25
cab,0.25
rapido,0.25
customer,0.25
time,0.25
app,0.25
ola,0.25
ride,0.25
service,0.25
location,0.25
booking,0.25
option,0.25
fare,0.25
payment,0.25
paid,0.25
account,0.25
like,0.25
captain,0.25
taxi,0.25
didnt,0.25
using,0.25
refund,0.25
used,0.25
route,0.25
took,0.25
minute,0.25
day,0.25
got,0.25
trip,0.25
price,0.25
pay,0.25
book,0.25
extra money,0.25
ola cab,0.25
told,0.25
use uber,0.25
saying,0.25
road,0.25
rating,0.25
lot,0.25
disappointed,0.25
cab driver,0.25
available,0.25
try,0.25
cab service,0.25
rate,0.25
distance,0.25
cost,0.25
complaint,0.25
airport,0.25
uber eats,0.25
today,0.25
team,0.25
showing,0.25
place,0.25
message,0.25
use app,0.25
help,0.25
higher,0.25
high,0.25
new,0.25
extremely,0.25
disgusting,0.25
wont,0.25
user,0.25
pickup,0.25
person,0.25
ola driver,0.25
increase,0.25
happened,0.25
home,0.25
drive,0.25
dont use,0.25
avoid,0.25
accepted,0.25
twice,0.25
trying,0.25
start,0.25
multiple,0.25
km,0.25
left,0.25
taken,0.25
guy,0.25
going,0.25
im,0.25
vehicle,0.25
point,0.25
charging,0.25
fraud,0.25
customer care,0.25
auto driver,0.25
asked,0.25
request,0.25
uber driver,0.25
unprofessional,0.25
rider,0.25
really,0.25
know,0.25
thing,0.25
taking,0.25
month,0.25
card,0.25
year,0.25
journey,0.25
instead,0.25
thought,0.25
waste,0.25
email,0.25
delivery,0.25
change,0.25
called,0.25
ordered,0.25
item,0.25
absolutely,0.25
wait,0.25
reason,0.25
eats,0.25
worst customer,-1.5
problem,-1.5
bad experience,-1.5
bad,-1.5
worst service,-1.5
worst,-1.5
scam,-1.5
poor service,-1.5
poor,-1.5
worst app,-1.5
cancelled,-1.5
cancelling,-1.5
driver rude,-1.5
expensive,-1.5
late,-1.5
cancelled ride,-1.5
cancellation,-1.5
bad service,-1.5
cancel,-1.5
worst experience,-1.5
issue,-1.5
later,-1.5
driver cancel,-1.5
terrible,-1.5
cancel ride,-1.5
scammed,-1.5
rude,-1.5
