ngram,count,example_comment
worst customer service,17,Worst customer service why the hell…
worst customer service,17,Absolutely WORST customer service.
worst customer service,17,The worst customer service ever
worst customer service,17,Worst customer service
worst customer service,17,the worst customer service experience…
worst app ever,14,Worst app ever!!!
worst app ever,14,Worst app ever
worst app ever,14,The worst app ever... whenever i have downloaded the app and booked a ride..i have always faced problem..the driver cancels tge ride sometimes and sometimes even make us wait for long long time and the automatically cancels the ride...i request each one of you to please ban this app because its just an add on material to waste our time and nothing else...We humans in 24 century are too busy UBER and we can't let u waste our time like that.
worst app ever,14,"Worst app ever, there are a lot of issues, especially with the customer care and help section, recently I booked a ride and the driver took 100rs extra, I was in hurry so I had to pay him the extra amount, later the same day I tried to contact rapido support but no response, I've tried for 3 to 4 days continuously, the app says it will connect to an agent but takes like 2hrs to connect, and when you get connected to that person, he will just end the chat randomly, wish I could give 0 star👎👎"
worst app ever,14,Worst app ever. At the start it shows a cheaper price so that you take it and then by the end it will increase the prince drastically... Also a lot of the drivers using this app have a lot of ego.. Don't even pick up the phone and start the tjmer before reaching the location.
never use ola,10,Never use Ola Post Paid or Ola Money
never use ola,10,"NEVER use Ola - terrible company, NO customer support. If you file a complaint with them they instantly mark the case as resolved!!!  We booked a ride $14-$17 estimated cost - charged $25 and when we checked the map the driver dropped us off at our destination then continued a few km further down to another drop off so he could charge us the extra. We will never ever use again as that was their second chance."
never use ola,10,"Such a #WORST SERVICE provided by Ola. Never use Ola service in any of the situation. Now a days they are making fool to say use as Ola post paid. Once you booked cab than driver is not ready to take as post paid, so now customer has to pay as well as Ola is making fake call to pay ola post bill also. Ola has invented new way to make fool customer. WORST SERVICE PROVIDER."
never use ola,10,"Never use Ola service in any of the situation. Now a days they are making fool to say use as Ola post paid. Once you booked cab than driver is not ready to take as post paid, so now customer has to pay as well as Ola is making fake call to pay ola post bill also. Ola has invented new way to make fool customer. WORST SERVICE PROVIDER."
never use ola,10,"In Ahmedabad Gujarat ola driver took cash from me but now ola messaging me to pay again as driver denied and kept money given in his pocket. Customer care is unable to support me and saying me to pay again....They protect agressive and scary drivers who are angry despite zero provocation. They refused to issue a refund, despite the service not being provided. Very unsafe and scary as well as tardy, uncommunicative and rude customer support. The driver was scary. so i have decided never use OLA from now on."
third class service,9,Third class service
third class service,9,Third class service .....not response...
third class service,9,Third class service from Ola in Kolkata.. unprofessional language from Ola driver.. cancelling booking even after confirming ride over phone..
third class service,9,Third class service. Take twice payment and never refunded back.
third class service,9,"Third class service, it means we are booking the ola as per our location but driver cancelled the service as per there mood and asking which Location customer is to go, then what is that difference between normal taxi and OLA, one or the worst service given by OLA"
bad customer service,8,Bad customer service and rude call…
bad customer service,8,Bad customer service for restaurant…
bad customer service,8,Very bad customer service I have order…
bad customer service,8,Really bad customer service and delivery. food got delivered damaged and on contact with uber nothing been resolved even sending photos. All pizza stuck to box and rolled up!!!
bad customer service,8,"Very bad customer service. Driver did not leave his vehicle to find our door and claimed he couldn't find it. We reviewed our video doorbell.He did claim that he tried to contact us but as we were out and hence left the instructions to leave the food at the door, when we contacted uber eats customer service they started sighting policies etc to us! Anyway at that point we reordered as the kids were starving. The next order the delivery time was quoted as 20-30 mins and it took almost an hour. The food was disgustingly cold. Awful service as though they are too big to support customers and we will not use them ever again even if there is no other food left on earth! Customer support is the worst we have come across in a while."
worst experience ever,8,Worst experience ever
worst experience ever,8,"Worst Experience ever in uber ride ,I have very abusive word but I m not using in that media , rapido is very mind blowing compare to the uber ,never use uber iny life"
worst experience ever,8,"Worst experience ever. Booked an Auto, the captain confirmed and even messaged that he will come after completing a trip. Waited for 15mins in rain. And after coming till 180mtrs away, he canceled it. Such a bad experience. And I don't understand why only good reviews come at top. Seeing so many correct and concerning reviews are there, but they never appear on top."
worst experience ever,8,Worst experience ever. The destination kept changing and the driver took us to the wrong place multiple times.
worst experience ever,8,"I have been to hospital and booked rapido while returning, 4-5 drivers cancelled the request continuously. What is the point of having these kind of facilitiy if they cancel ride continuously 5 time during emergency. Worst experience ever. If there is a option to give 0 Star i would have select that only. Time to uninstall the app."
worst service ever,7,Worst worst worst service ever
worst service ever,7,Worst service ever.
worst service ever,7,I would like to give Uber 0 Stars - Worst Service ever
worst service ever,7,Worst service ever
driver cancel ride,7,pathetic service ola customer support professional etiquette impolite unprofessional driver charged cancellation fee customer even driver cancel ride
driver cancel ride,7,bad every time deduted money extra driver cancel ride deduct money value time customer
driver cancel ride,7,pathetic customer support useless portal logging query issue long waiting cab booking take almost minute confirm ride time cab driver cancel ride try book cycle continues cab driver keep cancelling rejecting ride time complete wastage time energy ola raise false bill cab driver prefer cash gpay phone ola raise bill amount keep adding late fee keep sending reminder mail message customer support number never work never connects website display wrong customer support number bad service worst portal completely recommended cab service
driver cancel ride,7,im writing share frustrating experience cancelled ride unresponsive driver frequently driver cancel ride last minute leaving stranded even worse sometimes accept ride fail show update status instead move another ride leaving dark happened multiple time resulting poor unreliable experiencesbecause customer serivce people dont respond posted feedback
driver cancel ride,7,nothing like portray advertising dont get ride time dont give r sometimes driver cancel ride accepting without even telling waste time even auto break could complete ride charge full amount long cannot even book another ride due app issue support system good issue included one talk person call center
terrible customer service,7,Terrible customer service.
terrible customer service,7,Terrible customer service
terrible customer service,7,Deceiving prices and terrible customer service
terrible customer service,7,"Absolutely terrible company, unsafe for women. Terrible customer service unavailable to resolve any problems. Artificial technology decides who is right and who is wrong. As as a woman and frequent user of Uber, I have constant approach from drivers. I don’t want to talk to them and give my numbers or personal information. Recently my account was disabled as I being explained by their artificial technology because drivers feedback of bad communication. When I explain that i don’t want to entertain their drivers and give away my number, no one wanted to listen and investigate what happened. I being refused appeal or human investigation. What I have done wrong was not explain to me. I advise everyone to use alternative companies to ovoid stress!"
terrible customer service,7,Terrible service- Uber grocery order too way too late. Then terrible customer service dealing with my complaint.
demand extra money,6,"Rapido Bike stands out among its competitors, even those offering cheaper rates. The bike riders never demand extra money. The app has user-friendly features for changing payment options. However, the Rapido cabs, especially the older diesel ones, have issues with fumes and smell. Overall, I am giving Rapido Bike a full star rating. So far, it’s the best compared to Uber Moto."
bad experience ola,6,bad experience ola
bad experience ola,6,bad experience ola cab
bad experience ola,6,bad experience ola guy
bad experience ola,6,bad experience ola
bad experience ola,6,bad experience ola
poor customer service,6,Very poor customer service
poor customer service,6,Unreliable and poor customer service
poor customer service,6,"Poor customer service care skills,poor…"
poor customer service,6,Poor customer service
poor customer service,6,"If I could give zero I would.Horrendous company,  driver stole food, rang 1 ring on phone and parked half a mile away and apparently uber won't refund because the driver followed policy by contact and waiting.He was clearly just parked up eating my food. I'm disgusted by the poor customer service I will never use uber eats again. Stay away and save your money"
worst cab service,6,Worst cab service provider
worst cab service,6,Ola is the worst cab service in the world at the moment.
worst cab service,6,Worst cab service ever
worst cab service,6,Worst cab service
worst cab service,6,"Ola or uber are far better, I booked a ride to a local which shows only 150 but after reaching the location just because that location was just neighbour building the rapido updateed the charge to 200, rapido is worst cab service available in India actually. This incident was 4th time happened to me where the charge shows less but after reaching location was just a little different they rapido ask us ti pay more than 50% more"
ask extra money,6,"I have had multiple instances where the driver took the longer route and then i had to pay extra cash and their customer support is also useless, I mean how can i trust a company serving customers through facebook messenger.And also the drivers ask extra money in the name of cng tax and what not"
ask extra money,6,Ola cab drivers ask extra money for charges else they cancelling the ride.
ask extra money,6,"Drivers always take advantage of the situation & ask much higher price than the app shows for the rides. If it's late at night they ask extra money, even if it's day time but you're going to the hospital for medical emergency they ask higher price. Company should take action against these drivers, if they are not happy with the price the app provides then they shouldn't be allowed to use the app as a driver."
customer care service,5,Disappointed Customer Care Service
customer care service,5,Ola customer care service no
customer care service,5,"I had a terrible experience with Ola  cab.  Ola has been doing it for quite some time. I have encountered this thrice. On 18th September at 12:47 am I booked a Ola ride from Mulund to Andheri. The estimated bill was rs.313/- I accepted it and traveled. I paid rs.313/- online during my ride to avoid cash payment, I understand that the actual bill may vary a little, however the bill was generated of rs. 451/- when the driver dropped me at my location. The amount directly got hiked by 44%. Several times I called Ola customer care service, they said that payment has been already initiated from our end and it should reflect in your account within 7 working days. Unfortunately I didn’t receive any amount. I called them again and requested  to initiate as soon as possible, they replied that you will get a voucher of rs.138/- into your ola app. Unnecessarily they are giving a coupon when I clearly mentioned them for refund as  I no longer wish to be a Ola user but they denied saying that we can't do anything as it is automatically generated by the system. Also, couple of time they disconnected the call after I shared my experience.  As a keen observer, I have noticed that ola some time shows you the longer route and then the fare get increases by the end of the ride. Customer care says that your driver took a longer way. No way to complain or blame about drivers.Ola is looting people in new ways which is unacceptable as a genuine regular customer. #Ola #Olaride"
customer care service,5,"I started using Rapido because the cabs come quickly and are affordable. However, customer care service is very poor. Many times higher fare than initially showed is charged and when you complain, then they refund the balance amount in Rapido Wallet! interestingly, the money in Rapido wallet CANNOT be used for cab or auto ride payment!! So it's basically useless! Moreover, the receipt emailed is not of the actual amount you paid, but of the less amount that you were supposed to pay!! 😞😖"
customer care service,5,"Worst service for customer care, I have used this app since 2019 but now I feel I have to uninstall it due to worst customer care connection process and customer care service. They don't care about Rapido rider as well as captain. Their main motive is who is competitor in market and how Rapido can earn more money without managing customer safety"
worst worst worst,5,Worst worst worst service ever
worst worst worst,5,Worst worst worst worst app
worst worst worst,5,3rd class is best word for ola but I am giving 4th class service from ola.I have been waiting since 1 hour to book the cab for home but no one is taking the pickup. Worst worst worst ola
worst worst worst,5,Worst worst worst drivers. They don't accept your ride at all and you have to keep waiting for hours. They should come up with a solution for this if a near by driver is not accepting a ride except any valid reason they should be charged with penalty.
charged cancellation fee,5,Such a pathetic service by Ola. No customer support no professional etiquette. Impolite and unprofessional driver. The charged cancellation fee from customer even if their driver cancel the rides.
never ever use,5,"NEVER use Ola - terrible company, NO customer support. If you file a complaint with them they instantly mark the case as resolved!!!  We booked a ride $14-$17 estimated cost - charged $25 and when we checked the map the driver dropped us off at our destination then continued a few km further down to another drop off so he could charge us the extra. We will never ever use again as that was their second chance."
never ever use,5,Very bad service to ola I'm never ever use again ola bike very bad service I don't like the rude behavior
never ever use,5,"Absolute sh@@ service over a hour for McDs to come stone cold , rang and can’t refund as come in time which was changed 3 times , never ever use agin"
never ever use,5,"The worst customer service I have ever had! Paid for food didn’t get the main part of the meal, two phone calls to be told a load of bs read from a script and offered less than a quarter of the food as a refund! Couldn’t answer me when I asked them would they accept it just carried on talking over me with a script. First customer service rep hung up on me when I wasn’t even being rude. Will NEVER EVER USE AGAIN. Ever!!"
worst customer support,5,Worst customer support and drivers allottedDrivers cancel the ride not just once but 5 times we booked today after hearing location destinationOla customer support zero just a feedback form and in the end a note sorry to know but if we cancel ride we are chrged for our next ride and if the driver like today we faced cancels the ride no compensation for the customers.Whats the point in trusting a brand that claims to be top service provider for cabs.OLA sucks is the word i would rate
worst customer support,5,Worst Customer Support
worst customer support,5,"Worst customer support. Trying to connect customer support agent, no one is replying on text. No contact numbers are provided for the assistance. Customer support system is very bad. I always use rapido for my daily traveling, and this I was not expecting from Rapido. No one is traceable to connect with to share the grievance."
worst customer support,5,"Charging 5 to 7 rupees on evry ride framing it as booking and convince charge. And the customer support says 1. They don't charge booking fee, 2. that i never took ride from rapido. And I'm using it everyday since 3 months. Complete fraud. I sent them invoice of every ride, and they completely ignored it. Please don't use this app, it doesn't even send the refund because nobody is there to listen to ur issue. Worst customer support system"
worst customer support,5,Terrible Experience. Worst Customer Support.
asking extra money,5,Worst experience with the driver.. I have mentioned exact drop location and it is showing in my phone but after reaching he is telling you location ends few km ago and demanded extra money I paid extra money as a tip still he was asking extra money by telling location is different in his phone and I showed my phone and location mentioned in my phone but he was behaving rudely and scolding me by using abusive languages in the middle of the road at night I feel very bad and disappointed
asking extra money,5,I will give 0 rating it is worst experience at the time of booking it is showing one amount and at the time of dropping it is asking extra money and the driver too have taken extra money . When complaining about the ride in the no accurate response has been given they still not contacted us . I suggest every one not to prefer rapidoo. It is a ford
asking extra money,5,"I gave 2stars because the rapido guys won't wear helmet or either they won't handle their phone to a handler ,if we go with them it never seems like we are going with rapido guy dear rapido please ask them to look like rapido guy at some point!! Yes I don't know where to reply so I am replying here thanks for responding rapido so the thing is I went for more than 10drives maximum no one is wearing!! minimum 2,3ppl, and why they are asking extra money when iam paying already !?"
