ngram,count,example_comment
customer service,122,Pathetic customer service.
customer service,122,Bad customer service and rude call…
customer service,122,Very poor customer service
customer service,122,Customer service never responds after paying also said not payed
customer service,122,Worst customer service why the hell…
customer support,56,"No customer support help us ,no option…"
customer support,56,"I have had multiple instances where the driver took the longer route and then i had to pay extra cash and their customer support is also useless, I mean how can i trust a company serving customers through facebook messenger.And also the drivers ask extra money in the name of cng tax and what not"
customer support,56,"NEVER use Ola - terrible company, NO customer support. If you file a complaint with them they instantly mark the case as resolved!!!  We booked a ride $14-$17 estimated cost - charged $25 and when we checked the map the driver dropped us off at our destination then continued a few km further down to another drop off so he could charge us the extra. We will never ever use again as that was their second chance."
customer support,56,Such a pathetic service by Ola. No customer support no professional etiquette. Impolite and unprofessional driver. The charged cancellation fee from customer even if their driver cancel the rides.
customer support,56,"Ola is not worth for a single star, always this app customer support will be technical issues. Some times when driver does issue with the ride with can not get in touch with this Ola customer support at all. This drivers are very rude and unprofessional especially auto drivers, they stand 200 mtr away and they will click on arrived button again when we call them they says ""Madam, on the 2 min"" if he is arriving after 2 min he should click arrive button after reach me. Whenever i book ola all drivers ask first ""Madam, payment Cash or Online?"" If i say online immediately he will cancel my ride. Second ""Madam, where u want us to Drop u?"" Without knowing why will i enter drop location? This question doesn't make any sense and this kind of Worst drivers this OLA has."
cancel ride,46,Worst customer support and drivers allottedDrivers cancel the ride not just once but 5 times we booked today after hearing location destinationOla customer support zero just a feedback form and in the end a note sorry to know but if we cancel ride we are chrged for our next ride and if the driver like today we faced cancels the ride no compensation for the customers.Whats the point in trusting a brand that claims to be top service provider for cabs.OLA sucks is the word i would rate
cancel ride,46,"They are nothing like they portray themselves in advertising. Don't get rides on time dont give you 50rs for that. Sometimes drivers cancel ride after accepting it without even telling you which wastes your time. Even if auto breaks down in between & could not complete the ride, it charges you full amount. & after that for so long you cannot even book another ride due to app issue. Support system is not so good. All issues not included. There is no one to talk in person from the call center."
cancel ride,46,"I booked for a location. The rider cancelled the ride and then I found another private vehicle, while I was on my way home, the app spontaneously continued searching for another rider., I was unable to cancel the search, this app doesn't provide you with option of cancelling the search for rider once it is started. Now I have reached my desired location and they have forcefully provided me with a rider and calling me often asking me to cancel ride. While I was being charged extra for the waiting"
cancel ride,46,"I have been to hospital and booked rapido while returning, 4-5 drivers cancelled the request continuously. What is the point of having these kind of facilitiy if they cancel ride continuously 5 time during emergency. Worst experience ever. If there is a option to give 0 Star i would have select that only. Time to uninstall the app."
worst experience,44,Worst experience.
worst experience,44,It has become the worst experience
worst experience,44,Worst experience in service.there is no…
worst experience,44,Worst experience I booked for 16 km but…
worst experience,44,Worst experience by ola driver Sanjay…
ola cab,43,Ola cab not trustworthy
ola cab,43,Third class services of ola cab
ola cab,43,My recent experience with the Ola cab…
ola cab,43,YESTERDAY I HAVE BOOKED A OLA CAB
ola cab,43,Very worst service given by Ola cab…
worst service,41,"Worst service,i have got Ola Air on 1…"
worst service,41,Very worst service given by Ola cab…
worst service,41,One of the worst service face in auto…
worst service,41,"Cheaters,  worst service"
worst service,41,Worst service in Nagpur only  Because I am use this app in pune and Mumbai it is helpful but nagpur (specially in night) it's worst...
bad experience,41,I want to share my bad experience with…
bad experience,41,Very bad experience ever when I book…
bad experience,41,It’s a very bad experience with Ola
bad experience,41,BAD EXPERIENCE WITH OLA CAB
bad experience,41,19-01-2023 Such a bad experience in my…
worst app,40,Worst app ever!!!
worst app,40,Worst app😡😤
worst app,40,"Worst app,3 times I booked 3 times they…"
worst app,40,Worst worst worst worst app
worst app,40,Worst app and Service
extra money,40,Always demands extra money
extra money,40,Driver took extra money
extra money,40,"I have had multiple instances where the driver took the longer route and then i had to pay extra cash and their customer support is also useless, I mean how can i trust a company serving customers through facebook messenger.And also the drivers ask extra money in the name of cng tax and what not"
extra money,40,Ola cab drivers ask extra money for charges else they cancelling the ride.
extra money,40,"It took extra money and told that it is pre cancellation charge .If we book ola and cancel that's ride, next time again we book then our previous charge with present charge added.This is not good .😭 I paid extra money ."
auto driver,35,Ola cabs and auto driver are doing…
auto driver,35,I would like to rate the auto driver…
auto driver,35,Nenu ola app lo auto book cheysanu…worst auto driver behaviour...
auto driver,35,"Hi team Good Morning. I have been using ola services since long time but now I am very much disappointed. Since the time, the ola auto drivers have access to the drop location, they do not accept the ride only. During morning time, when most of the people need auto for commuting to office, these auto drivers dont accept the rudes only. One day an incident happened with me, I was trying to book a ride since long time, but i was not able to, as nobody was accepting the ride. Then I went to road to get running autos, then I came across an auto driver, he said book through ola, then i will accept. Then he switched on his rides requests and then he accepted the ride. I dont understand why we need to first get an auto, convince him to go to a particular location and starrt book on the app and then they will accept the ride. What is this process!!! If they are on their duty so they should accept the rides! Why this kind of inconvenience to customers!"
auto driver,35,All auto driver are going long root
customer care,35,Thrid class service no customer care no…
customer care,35,Disappointed Customer Care Service
customer care,35,Customer care doesn't exist
customer care,35,Ola doesn't have a customer care…
customer care,35,Customer care executive are rude and…
bad service,35,Ola bad service
bad service,35,It's very very bad service because…
bad service,35,Right now Ola is a very bad Right now Ola is a very bad service they they hired unskilled lazy driver those who doesn't want to pick up the ride they just accept the right and they cannot move on thei
bad service,35,Very Bad service
bad service,35,Bad Service
uber driver,35,Uber Driver
uber driver,35,THIEVING UBER DRIVER
uber driver,35,"Uber driver cancelling, then charging fee!"
uber driver,35,“I got robbed by an Uber driver
uber driver,35,Waited for an Uber driver to pick me up…
never use,30,Never use Ola Post Paid or Ola Money
never use,30,"NEVER use Ola - terrible company, NO customer support. If you file a complaint with them they instantly mark the case as resolved!!!  We booked a ride $14-$17 estimated cost - charged $25 and when we checked the map the driver dropped us off at our destination then continued a few km further down to another drop off so he could charge us the extra. We will never ever use again as that was their second chance."
never use,30,"Such a #WORST SERVICE provided by Ola. Never use Ola service in any of the situation. Now a days they are making fool to say use as Ola post paid. Once you booked cab than driver is not ready to take as post paid, so now customer has to pay as well as Ola is making fake call to pay ola post bill also. Ola has invented new way to make fool customer. WORST SERVICE PROVIDER."
never use,30,"Never use Ola service in any of the situation. Now a days they are making fool to say use as Ola post paid. Once you booked cab than driver is not ready to take as post paid, so now customer has to pay as well as Ola is making fake call to pay ola post bill also. Ola has invented new way to make fool customer. WORST SERVICE PROVIDER."
never use,30,"In Ahmedabad Gujarat ola driver took cash from me but now ola messaging me to pay again as driver denied and kept money given in his pocket. Customer care is unable to support me and saying me to pay again....They protect agressive and scary drivers who are angry despite zero provocation. They refused to issue a refund, despite the service not being provided. Very unsafe and scary as well as tardy, uncommunicative and rude customer support. The driver was scary. so i have decided never use OLA from now on."
uber eats,30,I've been a loyal Uber/Uber Eats…
uber eats,30,Uber Eats South Africa Useless
uber eats,30,Uber Eats is unreliable
uber eats,30,An Uber eats driver stole one of my…
uber eats,30,"Uber Eat are an utter shambles.Having recieved a £150 gift voucher for uber eats, I followed their instructions as to how to add it to my wallet, and then tried to use the funds to order some food.The App refused to allow me to use the funds for the food, and instead expected me to pay as normal.I have raised 3 seperate tickets with Uber ""support"" but 6 weeks after the first ticket was raised, I have recieved no resolution, but instead end up in a loop whereby i send them details so they can refund me the money, they request 72 hours to verify the info before they send me the funds, and then they never finish the verification, and have closed 2 of my tickets, leading to me having to start the whole process again.It really is utterly dreadful customer service, which is clearly just a bot sending stock answers with the end goal being to get people to give up and allow uber to keep the funds.As / when / if I get the funds back, I will not be using uber again, as the issue itself is very frustrating, but the customer service is intentionally negligent.Truly Awful."
use uber,29,Do not use uber in rome
use uber,29,Don’t use Uber in Marbella / Puerto Banus
use uber,29,Iv tried to use Uber 3 times now and…
use uber,29,Will never use Uber again I booked a…
use uber,29,DONT USE UBER
cab service,28,Poor Cab service
cab service,28,Worst cab service provider
cab service,28,One of the worst  cab service  provider no Customer  supportCustomer  service  for nothing cheater  cab service  provider dnt usenot recommend Uber is the best for service  highly  recommended
cab service,28,"One of the worst experiences I have ever had during my previous ride with ola cab. I booked a can from Jamshedpur, Jharkhand to Varanasi, Uttar Pradesh, in emergency as my mother got expired and I had to visit Varanasi as soon as possible. The fare charge with was showing is 11,600 + toll tax. After I reached on to the destination, the amount which driver was asking to pay was 15,700 + toll tax. I had already paid him 13,500, but he used to call me over and again in the gap of 2-3 minutes asking for due amount to pay which was amounting to 3700 extra. I was busy in cremation of my mother, and getting calls from the cab driver. I just want to know that how much considerate ola cab service provider organization is during this critical situation that you are asking unnecessary amount from a customer who has lost his mother and busy in cremation process of hers.I request everyone not to book ola cab instead you can opt to book uber or any other cab service, atleast they will be considerate to you in your hard times.Thanks and regards,Amrit Srivastava"
cab service,28,"Pathetic customer support and useless portal for logging in the queries and issues. Long waiting for cab booking , takes almost 15-20 minutes to confirm the ride and then 90% of the times the cab driver cancels the ride. Then try to book again and the cycle continues. Cab drivers keep cancelling or rejecting the rides most of the time. Complete wastage of time and energy. Ola raises false bills - the cab drivers prefer cash or gpay on their phones. After that ola raises bills of same amount and keep adding the late fees, keep sending reminders on mail and messages. Customer support numbers never work, never connects and the website displays wrong customer support number. Very bad service, worst portal and completely not recommended cab service."
use app,26,"Used app to call an Urber, ON its way all good .. Pickup time 22mins.. All good .. Got down to 9mins and got cancelled, use app again 24mins away for pick up.. Cancelled that too long we walked instead.. Then a driver shows up. When Im already at destination.. Charges me 8 buck for not being there.. 1st time systems has let me down.. NOT HAPPY late for work."
cab driver,26,I was cheated by Ola cab driver of…
cab driver,26,"One of the worst experiences I have ever had during my previous ride with ola cab. I booked a can from Jamshedpur, Jharkhand to Varanasi, Uttar Pradesh, in emergency as my mother got expired and I had to visit Varanasi as soon as possible. The fare charge with was showing is 11,600 + toll tax. After I reached on to the destination, the amount which driver was asking to pay was 15,700 + toll tax. I had already paid him 13,500, but he used to call me over and again in the gap of 2-3 minutes asking for due amount to pay which was amounting to 3700 extra. I was busy in cremation of my mother, and getting calls from the cab driver. I just want to know that how much considerate ola cab service provider organization is during this critical situation that you are asking unnecessary amount from a customer who has lost his mother and busy in cremation process of hers.I request everyone not to book ola cab instead you can opt to book uber or any other cab service, atleast they will be considerate to you in your hard times.Thanks and regards,Amrit Srivastava"
cab driver,26,"Pathetic customer support and useless portal for logging in the queries and issues. Long waiting for cab booking , takes almost 15-20 minutes to confirm the ride and then 90% of the times the cab driver cancels the ride. Then try to book again and the cycle continues. Cab drivers keep cancelling or rejecting the rides most of the time. Complete wastage of time and energy. Ola raises false bills - the cab drivers prefer cash or gpay on their phones. After that ola raises bills of same amount and keep adding the late fees, keep sending reminders on mail and messages. Customer support numbers never work, never connects and the website displays wrong customer support number. Very bad service, worst portal and completely not recommended cab service."
cab driver,26,The ola company  charged twice even after payment made by me in cash to cab driver. Ola money wallet activated by company without informing me. Do not use ola app.
cab driver,26,Last few rides OLA cab driver are…
ola driver,25,Th ola driver lack politeness.He…
ola driver,25,Worst experience by ola driver Sanjay…
ola driver,25,Ola driver Stopped midway and asked to…
ola driver,25,Ola driver cancelled the ride after…
ola driver,25,My senior citizen parents had to take a slight detour due to water logging and traffic jam under a bridge. OLA Driver added extra ~15% to the quoted fare as a result. Customer service took 4 wks to respond. OLA is pathetic. Do NOT use OLA out-station- total FRAUD. They value money over customer satisfaction.
