ngram,example_comment
customer service,Pathetic customer service.
customer service,Bad customer service and rude call…
customer service,Very poor customer service
customer service,Customer service never responds after paying also said not payed
customer service,Worst customer service why the hell…
customer support,"No customer support help us ,no option…"
customer support,"I have had multiple instances where the driver took the longer route and then i had to pay extra cash and their customer support is also useless, I mean how can i trust a company serving customers through facebook messenger.And also the drivers ask extra money in the name of cng tax and what not"
customer support,"NEVER use Ola - terrible company, NO customer support. If you file a complaint with them they instantly mark the case as resolved!!!  We booked a ride $14-$17 estimated cost - charged $25 and when we checked the map the driver dropped us off at our destination then continued a few km further down to another drop off so he could charge us the extra. We will never ever use again as that was their second chance."
customer support,Such a pathetic service by Ola. No customer support no professional etiquette. Impolite and unprofessional driver. The charged cancellation fee from customer even if their driver cancel the rides.
customer support,"Ola is not worth for a single star, always this app customer support will be technical issues. Some times when driver does issue with the ride with can not get in touch with this Ola customer support at all. This drivers are very rude and unprofessional especially auto drivers, they stand 200 mtr away and they will click on arrived button again when we call them they says ""Madam, on the 2 min"" if he is arriving after 2 min he should click arrive button after reach me. Whenever i book ola all drivers ask first ""Madam, payment Cash or Online?"" If i say online immediately he will cancel my ride. Second ""Madam, where u want us to Drop u?"" Without knowing why will i enter drop location? This question doesn't make any sense and this kind of Worst drivers this OLA has."
worst experience,Worst experience.
worst experience,It has become the worst experience
worst experience,Worst experience in service.there is no…
worst experience,Worst experience I booked for 16 km but…
worst experience,Worst experience by ola driver Sanjay…
worst app,Worst app ever!!!
worst app,Worst app😡😤
worst app,"Worst app,3 times I booked 3 times they…"
worst app,Worst worst worst worst app
worst app,Worst app and Service
worst service,"Worst service,i have got Ola Air on 1…"
worst service,Very worst service given by Ola cab…
worst service,One of the worst service face in auto…
worst service,"Cheaters,  worst service"
worst service,Worst service in Nagpur only  Because I am use this app in pune and Mumbai it is helpful but nagpur (specially in night) it's worst...
extra money,Always demands extra money
extra money,Driver took extra money
extra money,"I have had multiple instances where the driver took the longer route and then i had to pay extra cash and their customer support is also useless, I mean how can i trust a company serving customers through facebook messenger.And also the drivers ask extra money in the name of cng tax and what not"
extra money,Ola cab drivers ask extra money for charges else they cancelling the ride.
extra money,"It took extra money and told that it is pre cancellation charge .If we book ola and cancel that's ride, next time again we book then our previous charge with present charge added.This is not good .😭 I paid extra money ."
bad experience,I want to share my bad experience with…
bad experience,Very bad experience ever when I book…
bad experience,It’s a very bad experience with Ola
bad experience,BAD EXPERIENCE WITH OLA CAB
bad experience,19-01-2023 Such a bad experience in my…
cancel ride,Worst customer support and drivers allottedDrivers cancel the ride not just once but 5 times we booked today after hearing location destinationOla customer support zero just a feedback form and in the end a note sorry to know but if we cancel ride we are chrged for our next ride and if the driver like today we faced cancels the ride no compensation for the customers.Whats the point in trusting a brand that claims to be top service provider for cabs.OLA sucks is the word i would rate
cancel ride,"They are nothing like they portray themselves in advertising. Don't get rides on time dont give you 50rs for that. Sometimes drivers cancel ride after accepting it without even telling you which wastes your time. Even if auto breaks down in between & could not complete the ride, it charges you full amount. & after that for so long you cannot even book another ride due to app issue. Support system is not so good. All issues not included. There is no one to talk in person from the call center."
cancel ride,"I booked for a location. The rider cancelled the ride and then I found another private vehicle, while I was on my way home, the app spontaneously continued searching for another rider., I was unable to cancel the search, this app doesn't provide you with option of cancelling the search for rider once it is started. Now I have reached my desired location and they have forcefully provided me with a rider and calling me often asking me to cancel ride. While I was being charged extra for the waiting"
cancel ride,"I have been to hospital and booked rapido while returning, 4-5 drivers cancelled the request continuously. What is the point of having these kind of facilitiy if they cancel ride continuously 5 time during emergency. Worst experience ever. If there is a option to give 0 Star i would have select that only. Time to uninstall the app."
customer care,Thrid class service no customer care no…
customer care,Disappointed Customer Care Service
customer care,Customer care doesn't exist
customer care,Ola doesn't have a customer care…
customer care,Customer care executive are rude and…
ola cab,Ola cab not trustworthy
ola cab,Third class services of ola cab
ola cab,My recent experience with the Ola cab…
ola cab,YESTERDAY I HAVE BOOKED A OLA CAB
ola cab,Very worst service given by Ola cab…
uber eats,I've been a loyal Uber/Uber Eats…
uber eats,Uber Eats South Africa Useless
uber eats,Uber Eats is unreliable
uber eats,An Uber eats driver stole one of my…
uber eats,"Uber Eat are an utter shambles.Having recieved a £150 gift voucher for uber eats, I followed their instructions as to how to add it to my wallet, and then tried to use the funds to order some food.The App refused to allow me to use the funds for the food, and instead expected me to pay as normal.I have raised 3 seperate tickets with Uber ""support"" but 6 weeks after the first ticket was raised, I have recieved no resolution, but instead end up in a loop whereby i send them details so they can refund me the money, they request 72 hours to verify the info before they send me the funds, and then they never finish the verification, and have closed 2 of my tickets, leading to me having to start the whole process again.It really is utterly dreadful customer service, which is clearly just a bot sending stock answers with the end goal being to get people to give up and allow uber to keep the funds.As / when / if I get the funds back, I will not be using uber again, as the issue itself is very frustrating, but the customer service is intentionally negligent.Truly Awful."
bad service,Ola bad service
bad service,It's very very bad service because…
bad service,Right now Ola is a very bad Right now Ola is a very bad service they they hired unskilled lazy driver those who doesn't want to pick up the ride they just accept the right and they cannot move on thei
bad service,Very Bad service
bad service,Bad Service
use uber,Do not use uber in rome
use uber,Don’t use Uber in Marbella / Puerto Banus
use uber,Iv tried to use Uber 3 times now and…
use uber,Will never use Uber again I booked a…
use uber,DONT USE UBER
use app,"Used app to call an Urber, ON its way all good .. Pickup time 22mins.. All good .. Got down to 9mins and got cancelled, use app again 24mins away for pick up.. Cancelled that too long we walked instead.. Then a driver shows up. When Im already at destination.. Charges me 8 buck for not being there.. 1st time systems has let me down.. NOT HAPPY late for work."
worst customer,Worst customer service why the hell…
worst customer,Worst customer support and drivers allottedDrivers cancel the ride not just once but 5 times we booked today after hearing location destinationOla customer support zero just a feedback form and in the end a note sorry to know but if we cancel ride we are chrged for our next ride and if the driver like today we faced cancels the ride no compensation for the customers.Whats the point in trusting a brand that claims to be top service provider for cabs.OLA sucks is the word i would rate
worst customer,Worst Customer Support
worst customer,Absolutely WORST customer service.
worst customer,The worst customer service ever
using uber,Been using uber for years
using uber,"Uber Eat are an utter shambles.Having recieved a £150 gift voucher for uber eats, I followed their instructions as to how to add it to my wallet, and then tried to use the funds to order some food.The App refused to allow me to use the funds for the food, and instead expected me to pay as normal.I have raised 3 seperate tickets with Uber ""support"" but 6 weeks after the first ticket was raised, I have recieved no resolution, but instead end up in a loop whereby i send them details so they can refund me the money, they request 72 hours to verify the info before they send me the funds, and then they never finish the verification, and have closed 2 of my tickets, leading to me having to start the whole process again.It really is utterly dreadful customer service, which is clearly just a bot sending stock answers with the end goal being to get people to give up and allow uber to keep the funds.As / when / if I get the funds back, I will not be using uber again, as the issue itself is very frustrating, but the customer service is intentionally negligent.Truly Awful."
using uber,Had a promo In my messages on uber app could not retrieve it 3 times sent screenshot they still kept asking for screenshot explained it told they will escalate responded with I had a problem with a trip so 8 times they answered without reading my query and last time on hold to  a supervisor the agent hung on me while I was talking I stopped using uber eats now I think I'll use bolt.So finally got a response they deducted £1.85 of my trip and gave me 5 pound credit could have just told me if promo was valid or not at the start i would have been happy the fact after 6 times of requesting same screenshot i wrote if you send me the same message i will write a review the cheek of the agent to send same message but at the end wrote look forward to your reply was obvious they were trying to be funny and irratate me as none of the previous. Messages had this response at the end.
using uber,"Absolutely disgusted in this service I have been scammed by Uber for £80 cleaning fee. I was picked up in a taxi by a rude driver who made inappropriate comments and made me and my friend uncomfortable. He also had no manners, and we decided to suspend the journey early, and told him we was going to file a complaint and not pay for this journey. The next day I wake up to a “cleaning fee” being added to my bill coincidently , and a very embarrassing falsified photo of water on the back seat. Which can I add, in their regulations state water cannot be claimed under a cleaning fee. This was obviously staged by the driver because he knew we was filing a complaint for the journey and we was going to get a refund. This was clearly a scam and a fraudulent act, done by a member of Uber drives team. I have reached out to Uber support all day and spend nearly 4 hours call time trying to resolve this but they don’t seem to care at all. Funnily enough when I complained about the drivers behaviour being unacceptable they jumped at the chance to refund me the £7 ride fee, but still have scammed me for a £80 cleaning fee. We was 2 girls in a pjs and sliders, with nothing but handbags. Coming from a sleepover. With no liquids foods or any type of rubbish that could even leave water spillage on the back seat. May I add we also don’t drink alcohol so , there is no way this was caused by us. The only person in the vehicle who had liquid was the driver, he’s own bottle of water. Which leads me to believe he done this out of malice because he knew we was going to complain about his behaviour. Uber is absolutely disgusting , I am gathering all the information and I am taking this to trading standards and filing a formal complaint about this. Be careful when using Uber, if the driver doesn’t like you they can get away with scamming you and Uber won’t do anything to resolve this !!!!! Use your local taxi service going forward"
using uber,Over charged .. called the driver to say pick me up at the night and weekend side of hospital he agreed .. but didn’t I had to walk .. I also told him I’d had a c section .. he charged me an extra 84p for waiting 6 mins even though it wasn’t .. I got a Uber taxi to the hospital and was charged 9.97 .. for the trip home I was charged 13.09 .. on speaking with customer service I agreed to pay 11 pound 97 .. seems to me they charge there own prices .. should be set prices . Will not be using Uber again .. I’ll stick to a local taxi company .. they charge the same . Customer service will only credit 84p to the Uber account . What a joke
uber driver,Uber Driver
uber driver,THIEVING UBER DRIVER
uber driver,"Uber driver cancelling, then charging fee!"
uber driver,“I got robbed by an Uber driver
uber driver,Waited for an Uber driver to pick me up…
cab service,Poor Cab service
cab service,Worst cab service provider
cab service,One of the worst  cab service  provider no Customer  supportCustomer  service  for nothing cheater  cab service  provider dnt usenot recommend Uber is the best for service  highly  recommended
cab service,"One of the worst experiences I have ever had during my previous ride with ola cab. I booked a can from Jamshedpur, Jharkhand to Varanasi, Uttar Pradesh, in emergency as my mother got expired and I had to visit Varanasi as soon as possible. The fare charge with was showing is 11,600 + toll tax. After I reached on to the destination, the amount which driver was asking to pay was 15,700 + toll tax. I had already paid him 13,500, but he used to call me over and again in the gap of 2-3 minutes asking for due amount to pay which was amounting to 3700 extra. I was busy in cremation of my mother, and getting calls from the cab driver. I just want to know that how much considerate ola cab service provider organization is during this critical situation that you are asking unnecessary amount from a customer who has lost his mother and busy in cremation process of hers.I request everyone not to book ola cab instead you can opt to book uber or any other cab service, atleast they will be considerate to you in your hard times.Thanks and regards,Amrit Srivastava"
cab service,"Pathetic customer support and useless portal for logging in the queries and issues. Long waiting for cab booking , takes almost 15-20 minutes to confirm the ride and then 90% of the times the cab driver cancels the ride. Then try to book again and the cycle continues. Cab drivers keep cancelling or rejecting the rides most of the time. Complete wastage of time and energy. Ola raises false bills - the cab drivers prefer cash or gpay on their phones. After that ola raises bills of same amount and keep adding the late fees, keep sending reminders on mail and messages. Customer support numbers never work, never connects and the website displays wrong customer support number. Very bad service, worst portal and completely not recommended cab service."
use ola,Plz don't use ola
use ola,Never use Ola Post Paid or Ola Money
use ola,"NEVER use Ola - terrible company, NO customer support. If you file a complaint with them they instantly mark the case as resolved!!!  We booked a ride $14-$17 estimated cost - charged $25 and when we checked the map the driver dropped us off at our destination then continued a few km further down to another drop off so he could charge us the extra. We will never ever use again as that was their second chance."
use ola,My senior citizen parents had to take a slight detour due to water logging and traffic jam under a bridge. OLA Driver added extra ~15% to the quoted fare as a result. Customer service took 4 wks to respond. OLA is pathetic. Do NOT use OLA out-station- total FRAUD. They value money over customer satisfaction.
use ola,"Ola Ride Number: CRN 6344373307It is a request to wave off the money instead of giving me 2 coupons.On 4th June 2022, The cab broke down in the middle of the ride and the driver told us that it won't charge us anything and left us on the middle of the bridge and we faced a lot of issues as we were unable to find any other ride there. We booked another Ola cab, but that driver also didn't come and refused to cancel the ride as it will cost him. Lastly we had to book a private taxi with double money just to get down the flyover bridge.But still we were charged 460Rs. I had to face all these things with my aged parents.As it was postpaid charge, so I have not paid anything.Ola acknowledged the issue but they are asked me to pay the postpaid charge and in return they are offering me ola coupons.But why should I pay in the 1st place for the ride i didn't take. If they acknowledged their mistakes, then they should also wave off the money.I have send them numerous Emails since last 2 months.WHEN I SEND EMAIL TO OLA SUPPORT TEAM, THEY ASK ME TO SEND EMAIL TO OLA MONEY TEAM.WHEN I SEND EMAIL TO OLA MONEY TEAM, THEY ASK ME TO SEND EMAIL TO OLA SUPPORT TEAM.I have around 20 similar Emails in which teams are asking me to send email to each other.My complaint numbers: 332617981 , 329945960 , 328359615 , 325772161.They are simply throwing my ticket here and there without taking any responsibility.And then they closing the ticket without resolving it.I called the customer service and asked for manager call back, and till now have not received one.And above that, Ola team is continuously Spam calling me asking me to pay the charges. When I asked them to check my emails, they are disconnecting the call. And then somebody else is calling me. and now they have charged a late fee of 100 and asking for 560rs.In short, there is no communication in between teams. And nobody is ready to help in the first place.I am not going to use OLA anymore, so the coupons are of no use of me.I just want these money to be waved off and stop getting these spam calls and messages."
